"LOAN","MORTDUE","VALUE","REASON","JOB","YOJ","DEROG","DELINQ","CLAGE","NINQ","CLNO","DEBTINC","BAD"
33500,240157,42013,"DebtCon","Mgr",3,0,2,201.61229884,2,50,41.644794258,0
8400,53841,64284,"DebtCon","Other",15,0,3,206.35456436,0,36,26.054853712,0
9100,59430,76897,"HomeImp","Other",5,0,1,246.09510911,1,16,37.470923376,0
32300,194350,299720,"DebtCon","Other",28,0,0,170.19686736,0,23,40.251510027,0
11000,43614,NA,"DebtCon","Other",3,0,2,84.444746145,0,20,36.673648152,0
28900,29515,49525,"DebtCon","Other",36,0,0,288.65624667,0,24,39.60580772,0
46900,91672,158953,"DebtCon","Other",16,0,0,NA,8,19,38.109227516,0
22400,38669,105881,"HomeImp","Other",6,0,0,125.24284167,0,14,32.778270828,0
9700,59633,70398,"HomeImp","Other",4,0,0,239.03820584,1,16,38.867248989,0
11800,86785,125552,"DebtCon","Office",11,0,0,148.17649241,1,22,37.884449327,0
26700,18590,53462,"DebtCon","Other",25,0,0,111.99557084,1,11,22.959806769,0
12600,76002,94236,"DebtCon","Other",11,0,0,164.76230423,5,21,39.52570494,0
10700,55043,68609,"DebtCon","Other",2,0,0,NA,1,17,25.448844532,1
12700,72164,104220,"DebtCon","Office",10,0,0,165.4307821,0,13,37.539963363,0
12600,71370,90316,"HomeImp","Office",26,0,0,162.3574415,2,14,39.875483802,0
19700,70709,97394,"DebtCon","Mgr",0,0,0,94.860466383,0,17,25.556707636,0
16700,64862,107919,"HomeImp","ProfExe",10,0,0,260.15854779,0,11,36.824339033,0
15300,101311,113253,"DebtCon","Other",0,0,0,140.07577118,1,21,40.667462294,0
20200,82181,119535,"DebtCon","Office",41,0,0,105.21929675,3,28,52.734860612,1
13700,70763,78449,"DebtCon","Office",12,0,0,271.65672425,5,36,40.561983645,0
20200,88020,139200,"DebtCon","Other",10,0,0,99.04640244,3,15,39.916957294,0
7300,55456,86766,"HomeImp","ProfExe",6,0,0,240.05677145,2,23,31.724698502,0
27400,195497,246354,"DebtCon","Other",8,0,0,89.264427411,1,25,39.664822994,0
11100,35782,45550,"HomeImp","Other",8,0,0,109.28434579,0,3,36.159805919,0
18400,63569,95729,"HomeImp","ProfExe",23,0,0,237.2759487,0,23,38.41536702,0
14700,47177,68456,"HomeImp","ProfExe",3,0,0,193.68506884,2,18,34.542533238,0
11200,44966,55114,"DebtCon","Office",1,0,0,173.96189741,1,21,37.456622102,0
14600,51613,77912,"DebtCon","Office",0,0,0,182.88257536,0,25,32.224452406,0
17700,93302,116668,"DebtCon","Other",20,0,0,283.04094598,0,16,25.225910201,0
9800,52973,65481,"HomeImp","Other",10,0,0,101.47266767,2,33,36.878297002,0
10700,55341,78062,"HomeImp","Other",3,0,1,192.59685455,0,12,28.828649308,0
8700,60237,69891,"DebtCon","Other",3,0,0,321.2748292,0,9,32.280313622,0
20800,107379,147014,"HomeImp","ProfExe",10,0,0,161.53748239,1,22,31.925329416,0
12900,64245,NA,"DebtCon","Office",13,0,0,246.8377195,3,36,40.560130328,0
22900,95321,123082,"DebtCon","Self",3,0,0,205.44151908,2,26,34.05349114,0
18700,66197,NA,"HomeImp","ProfExe",12,0,2,157.94598178,0,14,29.349485795,0
9300,84900,105798,"DebtCon","ProfExe",2,0,0,41.807204596,1,3,26.956697896,1
25700,31333,56733,"DebtCon","Other",13,0,0,97.086150555,2,25,30.619786755,0
9900,59206,75690,"HomeImp","Office",6,0,2,288.39505854,1,19,30.776027864,1
20200,51588,121752,"DebtCon","ProfExe",14,0,0,253.24896672,0,20,26.43068063,0
25900,42105,73249,"DebtCon","Other",2,0,0,109.21115611,3,22,31.809085921,1
18900,127269,203737,"HomeImp","ProfExe",14,0,0,206.20003676,0,21,36.272858359,0
24900,89530,146815,"DebtCon","ProfExe",19,1,0,164.77031037,1,25,39.345858588,0
26300,147600,NA,"DebtCon","ProfExe",5,0,0,310.34814574,0,35,38.235086271,0
24300,110442,138581,"DebtCon","Mgr",9,2,0,175.15368945,4,17,40.348885329,0
67400,66095,147203,"HomeImp","Office",10,0,0,118.76476119,0,11,42.045672009,0
18800,7739,65181,"DebtCon","Sales",0,0,0,315.23089754,0,6,37.983557776,0
14400,78777,103344,"HomeImp","ProfExe",5,0,0,104.40459654,1,27,24.35085757,0
50100,48370,106233,"HomeImp","Self",8,0,0,193.65090514,3,36,39.935343568,0
18600,51936,75278,"DebtCon","ProfExe",3,0,0,199.80175424,0,21,36.995645842,1
6900,70717,87466,"HomeImp","Other",2,0,0,112.58906066,0,15,41.428089899,0
88900,48919,93371,"DebtCon","Other",15,0,1,205.65015947,0,15,34.818261819,0
16200,34984,46382,"DebtCon","Other",11,0,0,175.14431949,3,20,39.740928127,1
27700,85285,116468,"DebtCon","Other",9,0,0,312.80792835,0,36,35.96802437,1
11700,56441,86987,"HomeImp","Other",17,0,0,198.03271759,0,16,33.931163419,0
16400,54818,74447,"DebtCon","Office",3,2,3,208.08886428,1,50,41.95642972,1
12800,66293,92423,"HomeImp","Office",27,0,0,169.72388834,1,14,41.232162564,0
29200,50105,83815,"DebtCon","Other",21,0,0,188.20102865,0,26,35.595750669,0
20200,34676,62987,"DebtCon","Other",1,0,0,112.79908664,0,17,22.093045945,0
30400,46948,80473,"DebtCon","Office",0,0,0,151.59709716,2,19,37.753876623,0
18000,72152,102671,"HomeImp","ProfExe",7,0,0,84.639348205,0,16,32.886875225,0
23400,45766,66192,"DebtCon","Other",26,0,0,284.78157228,2,32,35.936794804,0
9300,79724,105493,"DebtCon","Mgr",2,0,0,63.43088731,2,23,39.38611808,0
10000,41949,51684,"DebtCon","Other",15,0,0,84.123450947,0,12,31.267318776,0
13400,53294,69042,"DebtCon","Other",0,0,0,214.36204349,0,9,36.30954976,0
36400,86853,131508,"DebtCon","Mgr",30,0,0,349.69439938,0,19,40.107031361,0
25100,77088,111568,"DebtCon","Mgr",7,0,0,288.00802523,2,29,32.550837642,0
27900,69589,115061,"DebtCon","Other",5,0,0,97.8638453,1,32,41.473971731,0
71200,196601,289430,"DebtCon","Self",12,0,0,226.91430725,2,25,29.220351072,0
25400,69035,108365,"DebtCon","ProfExe",13,0,0,281.22191088,1,33,39.543341495,0
12900,89510,102628,"HomeImp","Other",20,0,0,117.85717268,3,24,28.537354092,0
30100,228006,285921,"DebtCon","ProfExe",15,0,0,250.53988412,2,25,27.813291406,0
50900,53334,63298,"DebtCon","Office",12,0,0,106.68828922,1,25,37.312097364,0
16200,25329,37433,"DebtCon","ProfExe",21,1,0,207.15954753,2,16,32.718088027,0
27300,37636,73328,"DebtCon","Mgr",12,0,0,80.792693759,6,16,34.268228014,0
22500,96170,118502,"HomeImp","Mgr",10,0,0,118.15195,1,24,33.200548022,0
42000,21314,68047,"DebtCon","Other",21,0,0,209.89769417,1,30,39.946385352,0
22000,81668,123978,"DebtCon","Other",8,0,0,285.14175022,1,16,37.417108014,0
5500,37368,48502,"HomeImp","Mgr",9,0,2,48.995845002,0,10,33.126483967,1
14300,85631,1e+05,"HomeImp","Other",20,0,0,144.99929699,3,23,30.130636379,0
5100,72891,80691,"HomeImp","Other",1,1,0,273.88170516,0,6,39.852146515,0
23900,90244,NA,"DebtCon","Self",3,0,0,194.98725245,1,26,35.406059646,0
38400,31458,NA,"DebtCon","ProfExe",4,0,0,191.97555843,2,17,24.985362469,0
24800,82670,106563,"DebtCon","Mgr",8,0,0,302.98443202,2,28,30.956485836,0
28600,105907,156126,"DebtCon","ProfExe",10,0,0,165.09073496,1,17,33.231300882,0
12800,68729,90127,"HomeImp","Office",23,0,0,163.98927891,1,14,39.424487787,0
4900,58688,63348,"DebtCon","ProfExe",9,0,3,179.16257471,2,31,22.544392837,0
15200,71233,84439,"DebtCon","Other",1,0,0,242.98332141,2,26,32.210050357,0
13400,53699,68084,"DebtCon","Other",3,0,0,169.85244928,0,14,25.10971349,0
4900,67794,84630,"HomeImp","Other",4,0,0,112.57341888,0,15,41.673996362,0
34100,138523,196555,"DebtCon","ProfExe",21,0,0,NA,1,22,38.896039504,0
65100,67389,142740,"HomeImp","Office",9,0,1,116.90610408,0,11,43.368718125,0
53600,235895,299772,"HomeImp","Mgr",5,0,0,112.74828189,7,22,44.945929149,1
19000,22236,NA,"HomeImp","Self",7,0,0,296.08019369,0,27,27.640018057,0
22900,191970,232998,"DebtCon","ProfExe",3,0,0,301.13845241,0,27,36.788469564,0
12100,13218,82386,"DebtCon","Other",7,0,0,262.39425427,0,14,18.430472375,0
13000,26863,44218,"HomeImp","Other",10,0,0,92.99959341,2,11,29.112936155,0
13000,67395,94355,"DebtCon","Office",8,0,0,214.48449255,3,28,40.970466815,0
1700,30548,40320,"HomeImp","Other",9,0,0,101.46600191,1,8,37.113613558,1
23000,71902,101750,"HomeImp","Other",5,0,0,214.38925238,0,13,29.045964061,0
9900,35448,58056,"DebtCon","Other",11,0,0,229.5228444,1,31,37.297432095,0
23700,62949,99295,"HomeImp","Office",15,0,0,145.35528027,0,14,36.032760292,0
21000,133430,189263,"DebtCon","ProfExe",22,0,0,229.98699803,1,23,40.564121581,0
10400,45710,55299,"DebtCon","Office",0,0,0,166.37415023,0,20,34.536411741,0
18200,63852,93356,"DebtCon","Other",1,0,0,181.91176992,0,31,33.209409246,0
6400,62746,75016,"DebtCon","ProfExe",12,0,0,133.10154783,0,20,40.188123128,0
28400,150784,NA,"HomeImp","Self",0,0,0,173.30549337,1,16,41.543254137,0
35200,239987,43028,"DebtCon","Mgr",2,0,1,210.18900524,3,49,41.336626731,0
21400,104657,147364,"DebtCon","Other",7,2,0,149.25448005,2,20,46.305072149,1
20200,59347,97816,"HomeImp","ProfExe",18,0,0,618.73589016,1,24,21.668642273,0
19500,52080,89913,"DebtCon","Other",12,0,0,110.76030661,0,9,4.337283357,0
7200,79946,113807,"DebtCon","Office",1,0,0,238.45882498,0,37,18.617288691,0
14700,30306,NA,"HomeImp","Other",9,0,1,87.431226279,2,12,29.404935156,0
19000,172108,195892,"DebtCon","ProfExe",10,0,0,276.76334062,0,38,24.475689897,0
16300,22352,165315,"HomeImp","Self",9,0,0,304.3346951,0,27,27.56242667,0
40600,362909,466731,"HomeImp","ProfExe",4,0,0,305.81241924,4,14,42.930339471,0
66000,62296,143982,"HomeImp","Office",12,0,1,121.34944271,0,10,41.6125057,0
6700,54161,59714,"HomeImp","Office",20,0,0,209.20630035,0,20,20.203517707,0
7900,78532,122952,"HomeImp","Office",29,0,0,332.64504738,1,37,35.311552628,0
21900,51861,68951,"DebtCon","ProfExe",10,0,0,188.97861712,0,42,38.999754155,0
22400,71051,102374,"HomeImp","Office",14,0,0,137.1896556,0,14,36.122068493,0
15700,53443,77704,"DebtCon","Office",2,0,5,73.087538893,0,16,45.195495871,1
18600,80970,101244,"DebtCon","ProfExe",0,0,0,272.88259897,2,20,39.808993217,0
9500,36114,45654,"DebtCon","Office",0,0,0,83.333291772,0,9,25.343478449,1
18000,90275,135792,"DebtCon","Mgr",13,0,0,178.66176401,1,26,33.336960792,0
22400,91402,100845,"DebtCon","ProfExe",2,1,0,132.21662181,0,20,35.682471229,0
21500,107799,160526,"DebtCon","Mgr",16,0,0,195.48568002,0,25,32.378768136,0
15500,20800,173566,"HomeImp","Self",6,0,0,292.03418548,0,26,25.562881927,0
15400,48275,69427,"DebtCon","ProfExe",17,0,0,202.54621956,0,15,23.160040592,0
17400,55575,78661,"DebtCon","Other",17,1,0,198.98960053,1,20,38.991431366,0
12800,56516,78392,"HomeImp","Other",0,0,1,195.72332191,0,13,27.337441385,0
27600,131887,174323,"DebtCon","Mgr",0,0,0,243.05371295,2,24,35.271867032,0
15500,71412,93723,"DebtCon","Mgr",19,0,0,238.50131586,11,24,35.965898215,0
22900,41174,86851,"HomeImp","Other",25,0,0,267.13260885,0,7,24.380389513,0
22400,32665,56639,"DebtCon","Other",13,0,0,101.75835507,1,25,31.470031281,0
6300,92659,117352,"HomeImp","ProfExe",6,0,0,199.01192718,0,27,26.520049519,0
7000,64255,68389,"HomeImp","Other",4,0,0,80.152430908,2,19,40.561860543,0
87500,55938,86794,"DebtCon","Other",15,0,0,223.88104,0,16,36.753652674,0
11200,29348,NA,"HomeImp","ProfExe",20,0,0,224.39489458,0,11,26.129627304,0
25000,47032,75957,"DebtCon","Other",9,0,7,259.46652785,3,22,40.787975749,1
50000,43689,104139,"HomeImp","Self",9,0,0,219.41723912,2,35,38.559389057,0
11000,89275,108653,"DebtCon","Other",15,0,0,206.90348089,2,15,37.743047077,0
8600,75464,84263,"HomeImp","Other",21,0,0,352.65827116,0,47,28.196714905,0
10300,74624,96697,"DebtCon","Office",7,0,0,217.23532123,3,28,41.511300788,0
8800,33395,51057,"DebtCon","Office",2,0,0,80.822479691,1,20,16.883031014,1
13700,95065,123858,"DebtCon","Other",9,0,0,176.95253246,0,27,34.596837528,0
24700,109377,133116,"DebtCon","Mgr",10,1,0,184.35578292,5,17,40.202630102,0
21400,70112,94849,"DebtCon","Other",4,0,0,109.78032096,1,29,35.630504854,0
44000,55604,101916,"DebtCon","Other",3,0,1,194.23495289,2,37,43.338556593,1
7600,133475,203936,"DebtCon","ProfExe",1,0,0,87.452870081,2,23,37.005967843,0
10800,75378,86060,"DebtCon","Mgr",6,0,0,102.66507078,0,23,30.09500969,0
34600,169960,224716,"DebtCon","Mgr",2,0,0,182.06846112,2,21,32.710204856,1
25500,235839,267506,"HomeImp","Self",5,0,0,240.21701392,3,51,39.048427763,0
20100,72775,102308,"DebtCon","Office",8,0,0,206.47884516,2,13,32.782971421,0
23800,188250,233800,"DebtCon","ProfExe",2,0,0,307.57275263,1,27,36.690724403,0
24500,134188,171658,"DebtCon","Other",5,1,0,219.16757792,0,20,34.986140572,0
20200,25956,92553,"DebtCon","ProfExe",7,0,0,156.2693203,0,21,28.290439504,0
28700,107281,155874,"DebtCon","ProfExe",10,0,0,173.83583579,0,17,32.740368493,0
32300,14163,60626,"DebtCon","Other",0,0,0,109.03108797,1,6,36.501086508,0
25500,50847,79738,"DebtCon","Other",20,0,0,204.67790067,0,26,35.860087635,0
15900,68304,92271,"DebtCon","Other",1,1,2,113.22840343,2,25,32.881846931,0
7200,71667,117325,"DebtCon","Office",0,0,1,241.05607809,1,38,18.510551331,0
21800,90065,122335,"DebtCon","Self",3,0,0,212.69546756,1,26,34.84691939,0
13700,32942,40143,"HomeImp","Other",8,0,0,65.000742252,2,12,30.268368849,0
13300,55505,NA,"DebtCon","Other",0,0,0,222.91307236,0,10,32.968632674,0
10400,64904,76767,"DebtCon","Office",11,0,0,245.01801188,4,37,41.423844135,0
14200,100663,122021,"DebtCon","ProfExe",0,0,0,139.98397675,0,20,43.797459562,1
12900,88304,122178,"DebtCon","Office",10,0,0,223.45485481,0,12,41.429958874,0
27200,70730,93752,"DebtCon","Office",8,0,0,165.91933287,0,20,36.170905486,0
20600,185050,234004,"DebtCon","ProfExe",3,0,0,313.60448942,0,27,40.049112625,0
27800,142356,177328,"DebtCon","ProfExe",6,0,0,315.17556745,0,35,38.595990922,0
13300,49491,69028,"DebtCon","ProfExe",16,0,0,195.87763265,0,15,24.877508414,0
38900,200731,269450,"DebtCon","ProfExe",3,0,0,237.34429659,0,32,29.294487897,0
17800,13660,173360,"HomeImp","Mgr",23,0,0,78.838898801,2,21,30.062792323,0
34600,27851,42623,"DebtCon","Mgr",6,0,0,45.927166167,0,7,35.131092706,0
42800,9133,44083,"HomeImp","ProfExe",5,0,0,333.91337361,5,15,13.417822254,1
13000,61865,72045,"DebtCon","ProfExe",0,0,0,172.69668464,2,34,42.565582285,0
17000,70085,81598,"DebtCon","Office",7,0,0,117.19539923,1,20,21.981835715,0
7800,69662,80498,"HomeImp","Other",4,0,0,100.42833098,0,14,42.807341953,0
20700,107766,NA,"DebtCon","Office",12,0,2,223.13789747,0,24,42.547274756,0
18200,61554,94510,"DebtCon","Office",2,0,0,161.35269333,0,24,23.896554711,0
6400,76732,78084,"HomeImp","Other",8,0,0,NA,0,26,37.964554318,0
26500,240782,267675,"HomeImp","Self",6,0,0,229.30702576,1,50,37.740918996,0
21600,59219,98111,"HomeImp","ProfExe",18,0,0,626.77139277,1,23,21.241684226,0
12800,81030,100333,"DebtCon","Mgr",11,0,1,80.148943035,4,29,42.319370392,1
10500,57880,66802,"DebtCon","Other",2,0,0,94.598425262,8,21,45.464765837,1
10500,63130,NA,"DebtCon","Other",3,0,2,305.55692802,0,10,32.177916696,0
9200,48130,62358,"DebtCon","Other",15,0,4,219.65713104,0,36,27.617063425,0
37300,68789,86172,"HomeImp","Self",2,0,6,235.63790564,2,25,114.0505277,1
22600,239115,264462,"HomeImp","Self",5,0,0,244.17973039,2,50,36.700870555,0
9200,57375,69040,"DebtCon","Other",0,0,1,116.41879645,2,18,36.625629459,0
20900,51960,105524,"DebtCon","Office",2,0,3,179.92563497,0,47,37.179602413,0
10700,126751,184554,"DebtCon","Other",8,0,0,225.87035215,0,19,34.13705457,0
14000,50890,68722,"DebtCon","Other",8,0,1,135.76848539,2,49,29.448045527,0
13100,74832,98616,"HomeImp","ProfExe",6,0,0,101.36228964,1,26,27.021480654,0
9600,45240,60136,"DebtCon","Other",2,0,1,83.066750905,0,19,38.454300022,0
10600,44696,57686,"DebtCon","Office",0,0,0,170.34097406,0,20,37.792555026,0
12300,114457,144284,"DebtCon","ProfExe",1,0,0,252.6592531,0,45,32.497145096,0
11000,63314,69285,"DebtCon","ProfExe",15,0,0,244.01777452,3,32,36.542570221,0
21300,63263,NA,"DebtCon","Office",1,0,0,138.34845525,1,22,35.549295097,0
16100,76644,103192,"DebtCon","Other",5,2,0,76.077935453,0,20,24.187933859,0
30500,138082,181157,"DebtCon","ProfExe",2,1,0,219.24730717,1,19,40.874698522,0
27000,79218,115721,"DebtCon","Other",9,0,0,280.3437201,0,35,33.227763077,1
24500,118251,158758,"DebtCon","Mgr",2,0,0,282.64992165,0,24,38.844801954,0
19600,85984,112721,"DebtCon","Mgr",18,0,0,239.13779406,4,31,36.031180289,0
25900,80663,122372,"DebtCon","ProfExe",10,0,1,133.66949395,0,18,26.573930791,0
9100,46406,NA,"HomeImp","Other",9,0,0,93.853460687,3,34,39.466330333,0
11000,52602,61496,"DebtCon","Other",13,0,0,107.34006616,0,22,37.699108592,0
29500,48590,81354,"DebtCon","Office",0,0,0,157.02632626,3,18,40.170618286,0
12200,110088,137794,"DebtCon","ProfExe",3,0,0,251.15189185,1,46,33.517117222,0
10500,34044,55784,"DebtCon","Other",10,0,0,245.1308598,1,32,36.350329432,0
30600,54372,78653,"DebtCon","Office",0,0,0,156.41356965,3,19,40.611094331,0
70500,196690,288512,"DebtCon","Self",9,0,0,227.02713568,2,24,29.582300922,0
10400,37233,52320,"DebtCon","Other",15,0,0,88.677328625,0,11,31.056436786,0
35700,238104,43026,"DebtCon","Mgr",3,0,1,206.64707856,3,49,41.276637124,0
26200,100931,NA,"DebtCon","Office",11,0,1,169.03209387,0,28,41.089569186,0
10000,48769,65328,"DebtCon","Office",4,0,1,104.69524068,3,12,39.049359218,0
17900,63559,81536,"HomeImp","ProfExe",13,0,3,176.87076849,0,13,26.189767088,0
12800,206527,227737,"HomeImp","ProfExe",11,0,0,225.20132562,0,22,31.12184071,0
18400,88352,110216,"HomeImp","Other",1,0,0,376.72364282,3,31,47.830671133,1
15700,74587,93180,"DebtCon","Mgr",19,0,0,263.15916331,10,24,35.404414526,0
18800,22782,60590,"HomeImp","ProfExe",8,0,0,198.87639548,0,13,30.329929987,0
11100,79226,88112,"DebtCon","ProfExe",10,0,1,179.64827359,1,12,40.670904725,0
21400,41671,103427,"HomeImp","Other",6,0,0,122.15334415,0,15,31.614679534,0
26500,63345,100332,"DebtCon","Other",16,0,0,139.51054588,0,30,38.427444569,0
7400,138033,163162,"HomeImp","ProfExe",11,0,0,224.84704249,0,19,21.057574023,0
15700,87754,103045,"HomeImp","Other",21,0,0,147.45017701,4,23,29.181742636,0
16900,47129,62342,"DebtCon","Other",15,0,0,290.14892122,0,21,30.318596795,0
10600,136820,NA,"DebtCon","ProfExe",2,0,0,68.353056056,1,22,38.0722099,0
17300,65444,91244,"DebtCon","ProfExe",8,0,0,202.04968272,0,19,21.573385223,0
36300,22431,42834,"DebtCon","Mgr",6,0,0,50.419594354,0,6,33.416148272,0
12600,80612,93802,"DebtCon","Mgr",5,0,0,141.61314558,2,26,40.74903888,0
18800,96272,163250,"DebtCon","Mgr",2,0,0,204.49258593,1,19,37.868355391,0
26600,148986,175750,"DebtCon","Other",1,0,0,NA,0,35,40.514989578,0
13900,50415,68166,"DebtCon","Other",10,0,0,235.68096702,0,17,33.770037533,0
21700,24984,92297,"DebtCon","Other",26,0,6,238.36963726,1,20,16.397160872,1
36500,141200,195729,"DebtCon","ProfExe",23,0,0,182.72889478,0,22,37.405509575,0
6700,66587,NA,"DebtCon","ProfExe",9,1,0,43.923382631,1,24,39.738576265,0
20300,59809,107994,"DebtCon","ProfExe",15,0,3,263.99129317,0,36,26.50856379,0
20800,176235,209695,"DebtCon","Other",9,3,0,159.70677027,0,25,38.591939971,1
6900,97662,110046,"HomeImp","Office",24,0,0,111.12339734,0,11,37.253150854,0
36000,145908,190303,"DebtCon","ProfExe",20,0,0,179.71924547,0,21,38.600764985,0
27200,97541,126368,"DebtCon","ProfExe",0,1,0,186.77854794,3,38,34.81068944,0
14900,49849,70075,"DebtCon","Office",0,0,0,153.69186903,0,25,30.900915596,0
47100,48062,107824,"HomeImp","Self",9,0,0,203.68669838,2,35,41.526317397,0
13500,67180,85634,"DebtCon","Sales",5,0,0,147.35531256,0,35,28.522553371,0
8700,76510,108130,"DebtCon","Office",2,0,0,252.84392821,1,37,17.414859614,0
27700,97834,132396,"HomeImp","ProfExe",18,0,2,303.95191452,2,26,6.8870241268,1
17600,29201,41396,"DebtCon","Mgr",19,0,0,89.20252735,1,16,23.93494584,0
17000,86341,133564,"DebtCon","ProfExe",15,0,0,307.67385711,0,18,28.368210586,0
18300,109437,114900,"DebtCon","Other",1,0,0,138.17185084,1,20,38.332316894,0
18900,91784,117626,"DebtCon","Other",21,0,0,280.1234728,0,16,25.67302186,0
16900,116357,209364,"DebtCon","Other",4,0,0,221.12855483,0,16,27.900263904,0
22000,70139,95042,"DebtCon","Other",2,0,0,97.908582906,2,29,32.524528239,0
18200,120966,208782,"DebtCon","Other",4,0,0,202.53433338,0,17,27.436646043,0
9900,108155,219936,"HomeImp","ProfExe",2,0,0,126.93937738,1,15,27.992051659,0
15000,26284,40908,"DebtCon","ProfExe",20,0,1,198.83120375,1,16,32.012392305,0
20700,80124,99938,"DebtCon","Mgr",7,0,0,69.324719576,7,24,38.679633572,0
10800,70214,83882,"DebtCon","Office",4,1,2,172.79930087,3,30,38.588823585,0
24900,17139,33269,"DebtCon","Other",16,3,0,124.19682654,1,18,26.275832415,0
49800,44462,102203,"HomeImp","Self",8,0,0,207.56405016,3,37,40.302867689,0
23400,97865,120172,"DebtCon","Self",2,0,0,200.57575228,1,26,36.398728722,0
11300,64437,79857,"DebtCon","Office",5,0,0,88.789155967,2,14,27.899267889,0
4700,71855,88566,"HomeImp","Other",2,2,0,283.95953809,0,5,36.475473283,0
22200,9709,NA,"DebtCon","Other",0,0,0,28.523782719,1,3,29.599780197,0
27600,73846,100216,"DebtCon","ProfExe",12,0,0,282.37066144,1,33,38.191251339,0
20200,130401,171686,"DebtCon","ProfExe",7,0,0,178.94254482,0,38,20.327137907,0
7200,98691,115750,"HomeImp","Office",22,0,0,118.00014232,0,11,37.72035861,0
15800,58388,100944,"HomeImp","Other",0,0,3,51.525147534,1,10,39.862520135,0
10600,28264,86546,"HomeImp","ProfExe",20,0,0,244.14050903,0,11,24.20235008,0
8400,57103,78079,"DebtCon","Other",0,0,0,56.30976479,8,21,23.521188257,0
15100,44959,68483,"DebtCon","Mgr",27,1,0,279.94798859,1,17,37.180947854,0
27100,44095,77587,"DebtCon","Mgr",14,1,0,92.140029015,6,15,33.535547201,0
27900,149359,192955,"HomeImp","Self",0,0,0,172.57959055,1,16,40.135531359,0
26700,144243,176096,"DebtCon","Other",1,0,0,194.67979612,0,34,40.479243579,0
6900,53328,58088,"DebtCon","Sales",2,0,0,101.5319079,0,21,35.764058362,1
12400,49264,57923,"DebtCon","Other",0,0,0,182.00104146,2,13,27.00877688,0
25100,66938,92544,"DebtCon","ProfExe",8,1,1,135.66507023,4,26,34.565876305,0
31500,10879,58089,"DebtCon","Other",0,0,0,94.248035718,0,5,38.662402273,0
27200,61118,NA,"DebtCon","Sales",10,4,2,134.6489043,7,23,45.25528966,1
15900,69548,89775,"DebtCon","Other",1,0,0,230.67308026,2,25,30.108317431,0
25500,113204,184561,"DebtCon","Sales",17,1,0,308.95819842,1,31,34.357866,0
22400,93140,120977,"DebtCon","Other",23,0,0,232.85548365,0,27,39.744314309,0
24000,43948,86111,"HomeImp","Other",24,0,0,258.30359386,0,7,26.61774876,0
31000,67794,103535,"DebtCon","Mgr",7,0,1,116.89898988,1,31,44.065428782,1
30100,24350,40356,"DebtCon","Other",0,0,0,81.840250201,0,6,13.409995648,0
12400,80510,97548,"HomeImp","ProfExe",1,0,0,74.404263327,1,19,36.457349926,0
19900,132878,199172,"HomeImp","ProfExe",14,0,0,197.92380603,0,22,35.330603966,0
25000,75110,114208,"DebtCon","Mgr",3,2,0,83.052647472,1,27,45.743949059,1
18000,54196,71412,"DebtCon","ProfExe",10,0,0,189.87427039,1,42,37.352105103,0
13700,12577,41075,"DebtCon","Mgr",7,0,0,133.54201413,0,10,22.964772727,0
31300,188655,298090,"DebtCon","Other",28,0,0,153.0868546,0,22,40.296770712,0
42100,17852,65877,"DebtCon","Other",18,0,0,201.43027015,1,30,43.195193566,0
25400,149364,210724,"HomeImp","Other",10,0,0,NA,1,34,41.617983034,0
15800,51163,157644,"DebtCon","ProfExe",19,0,0,239.22478943,0,28,20.747520522,0
30500,10952,65166,"DebtCon","Other",0,0,0,91.951603506,1,6,37.692624384,0
11300,57377,75038,"DebtCon","Office",4,0,0,91.219961165,1,15,25.140279716,0
10100,47426,68820,"DebtCon","Other",16,0,4,220.7609123,0,36,24.01951269,0
23000,72638,109183,"DebtCon","ProfExe",2,0,0,177.61164796,2,22,48.277591224,1
24800,64537,93212,"DebtCon","ProfExe",7,1,1,120.35142038,4,25,34.686088674,0
32800,189564,296728,"DebtCon","Other",27,0,0,155.53689674,0,23,38.05331686,0
33000,18026,57436,"DebtCon","Other",0,0,0,94.118968045,0,5,37.749933733,0
11500,43945,63337,"DebtCon","Mgr",2,0,1,193.74248539,0,21,27.623493964,0
51700,183615,257077,"DebtCon","ProfExe",4,0,0,213.75585017,2,32,38.95331304,0
33700,26395,48905,"DebtCon","Mgr",6,0,0,48.710053215,0,7,36.42433271,0
18800,88828,116683,"DebtCon","ProfExe",6,0,0,141.84139798,1,20,21.679278339,0
9800,54564,62109,"DebtCon","Mgr",10,0,0,124.02162504,0,19,32.565686372,0
15900,16744,52234,"DebtCon","ProfExe",3,0,0,288.41594954,0,16,17.452227433,0
27900,50988,81533,"DebtCon","Office",1,0,0,167.61445006,2,18,40.620884753,0
11100,61856,77275,"HomeImp","Other",4,0,1,243.71377409,1,16,36.564119563,0
9000,75453,100646,"DebtCon","ProfExe",3,0,0,126.30983495,0,26,33.75846632,0
9500,35019,52710,"DebtCon","Other",12,0,0,241.58177936,0,31,38.208667839,0
13800,76537,108747,"DebtCon","Other",5,0,0,73.075238088,1,14,34.2526057,0
13300,67483,85454,"DebtCon","ProfExe",16,0,2,335.98931518,1,14,30.37586285,1
18400,48970,69559,"DebtCon","ProfExe",20,0,0,178.01583301,0,23,39.707988067,0
12300,152274,177940,"HomeImp","Office",4,0,0,196.87675772,0,56,33.722769149,0
9500,131394,162449,"HomeImp","ProfExe",10,0,0,222.0095049,0,18,19.551242992,0
28400,46126,66942,"DebtCon","Office",18,0,0,180.66830818,2,21,33.76903515,0
21000,67657,100606,"HomeImp","Other",5,0,0,225.28527037,1,12,31.04430422,0
15800,103537,111139,"DebtCon","Office",3,0,1,252.26775758,1,34,27.674063965,0
32300,195243,294372,"DebtCon","Other",27,0,0,150.20938052,0,22,39.072775661,0
8400,78089,90660,"DebtCon","Mgr",9,0,0,118.63539467,0,22,27.09304112,0
28400,206126,238745,"HomeImp","Other",9,0,0,119.0697634,1,42,41.670187737,0
11000,57554,68222,"DebtCon","ProfExe",14,0,0,215.43179389,3,32,36.569347898,0
27700,103249,NA,"DebtCon","Other",24,0,0,196.78163285,0,19,25.688176342,0
17800,13839,171378,"HomeImp","Mgr",23,0,0,86.702624803,2,21,31.359609533,0
21400,49459,69461,"DebtCon","Other",25,0,0,314.6389579,2,32,35.982083645,0
24400,237543,261393,"HomeImp","Self",3,1,0,254.51744803,2,50,37.90658567,0
24000,17575,50375,"DebtCon","Other",23,0,0,135.76405083,0,11,22.981005101,0
47600,39364,NA,"HomeImp","Self",9,0,0,199.33328593,2,35,40.189421966,0
28700,133188,179454,"DebtCon","ProfExe",1,1,0,223.34866354,1,19,41.136159259,0
33300,19675,NA,"DebtCon","Mgr",6,0,0,42.435279654,0,7,36.668617075,0
29200,139299,180818,"DebtCon","ProfExe",1,0,0,226.86114488,1,19,40.817309246,0
16000,20648,167020,"HomeImp","Self",5,0,0,315.46656561,0,26,25.912976009,0
25700,189995,250814,"DebtCon","Other",9,0,0,100.80094267,1,25,41.00583277,0
19100,105111,176829,"DebtCon","Office",6,0,0,211.40033751,4,24,41.413123846,0
24600,135278,164559,"DebtCon","Other",5,1,0,225.36684849,0,20,34.079157691,0
8300,51783,57839,"DebtCon","Other",3,0,0,96.176673144,0,20,36.210351332,0
4900,65576,65774,"HomeImp","Other",6,1,2,61.64250608,1,14,40.590910018,1
45700,118247,174711,"DebtCon","Self",11,0,0,170.65222452,0,5,37.730751386,0
13600,67354,81255,"DebtCon","Office",10,0,0,255.37875694,4,36,41.625398584,0
27300,53223,86696,"DebtCon","Office",0,0,0,96.070687876,0,22,34.517790505,0
25600,139746,210298,"HomeImp","ProfExe",6,0,0,185.11257638,1,28,38.368890383,0
16100,72942,99544,"DebtCon","Other",5,2,0,54.945678873,1,20,23.282933392,0
9900,71371,84865,"DebtCon","Mgr",0,2,0,94.805235749,0,12,38.211305102,1
20200,105278,180304,"DebtCon","Office",6,0,0,218.65781872,3,24,41.80676309,0
40700,150283,208676,"HomeImp","ProfExe",5,0,0,152.10227147,0,31,36.90999415,0
21300,55140,81692,"DebtCon","Other",12,0,0,109.90068569,1,10,4.384983222,0
25900,152071,185893,"HomeImp","Self",0,0,0,185.54351198,0,16,40.642278896,0
10600,61294,82646,"DebtCon","ProfExe",5,0,4,87.859169291,2,13,36.395148149,1
28500,84908,108385,"DebtCon","Office",10,0,0,384.28504689,0,45,41.342010942,0
16100,49244,65523,"HomeImp","Office",2,0,0,110.21989337,0,17,31.001523706,0
12800,71531,87256,"HomeImp","Office",26,0,0,167.1637357,1,14,40.376137593,0
8000,61565,87624,"DebtCon","ProfExe",14,0,0,203.9971364,0,17,23.562565007,0
46200,117227,NA,"DebtCon","Self",12,0,0,195.64118682,0,5,40.621619276,0
21700,72180,93427,"DebtCon","Other",2,0,0,115.52948936,1,29,33.45667038,0
8500,50569,NA,"DebtCon","Mgr",6,0,0,189.94689772,0,22,29.202476735,0
37400,96798,145550,"DebtCon","Other",12,0,0,63.901676947,1,35,40.594851726,0
5700,26927,35461,"DebtCon","Other",0,1,0,21.799352154,10,6,29.439664242,0
25600,105480,126389,"DebtCon","Mgr",25,0,2,307.40290366,2,35,36.763824165,1
8000,70546,81272,"DebtCon","Sales",4,0,0,119.06692204,0,31,33.361586301,0
18800,70102,99841,"HomeImp","ProfExe",10,0,0,68.168572872,0,16,32.853794362,0
19900,78142,102085,"HomeImp","Mgr",12,0,0,160.36703279,0,27,34.099757111,0
25000,83624,NA,"DebtCon","ProfExe",9,0,0,129.54959324,0,19,29.427733682,0
20400,99781,128452,"DebtCon","Office",23,0,0,265.95084552,2,16,33.79937887,0
19800,99137,121781,"HomeImp","Mgr",4,0,1,302.1278732,1,20,39.510628341,0
12000,84172,123415,"DebtCon","Office",9,0,0,139.01844935,1,21,38.582669884,0
28600,94165,130285,"DebtCon","Office",10,0,1,137.81333094,0,28,42.080016037,0
23300,103162,135013,"DebtCon","Mgr",9,1,0,188.93983988,5,18,40.670817077,0
18100,112832,182418,"DebtCon","Office",8,0,0,230.07213106,3,23,40.298698909,0
15200,64028,95482,"DebtCon","Office",2,0,0,174.16439552,0,24,24.861603531,0
2900,61962,70915,"DebtCon","Mgr",2,0,0,282.80165924,3,37,49.20639579,1
11800,65062,78004,"HomeImp","Office",12,0,0,251.14419571,0,31,43.372372819,0
27400,46575,85263,"DebtCon","Office",1,0,0,155.64704116,2,19,39.489317202,0
20100,78915,119400,"DebtCon","Mgr",18,0,0,232.82670618,4,30,36.648679723,0
30300,36014,76525,"DebtCon","Mgr",14,0,0,88.934468851,5,16,34.9372716,0
9700,21883,67432,"HomeImp","Office",24,0,0,308.99557574,1,12,41.414280651,0
9400,57105,67061,"HomeImp","Other",6,0,0,129.50848379,0,34,35.734592764,0
16200,46115,61917,"HomeImp","Other",2,0,0,259.36069753,0,47,43.717499442,1
15700,85384,101302,"DebtCon","Other",1,0,0,128.28624705,0,22,41.569983536,0
26300,87291,122531,"DebtCon","ProfExe",10,0,1,128.48325812,0,18,27.837509605,0
15800,74575,95815,"DebtCon","Other",7,2,0,69.581348102,0,21,24.108726876,0
26700,81968,114647,"DebtCon","ProfExe",10,0,1,126.70731968,0,19,27.056726972,0
14900,101179,117405,"HomeImp","Office",2,0,0,133.93050973,1,22,35.547407219,0
8700,77377,97070,"DebtCon","Mgr",3,0,0,68.854877174,2,24,38.217725784,0
20300,82996,118224,"DebtCon","Other",11,0,0,287.61160487,1,16,34.187083047,0
14800,100255,116160,"DebtCon","Other",10,0,0,184.77721416,0,26,34.483990385,0
6400,57887,74776,"HomeImp","Mgr",3,0,1,126.32864372,0,22,28.756345434,0
21200,85092,139345,"DebtCon","Other",9,0,1,87.64505947,3,14,42.13884767,0
7000,74795,99149,"HomeImp","Other",1,0,1,175.57144277,0,32,34.449664673,0
27500,23439,NA,"DebtCon","Other",25,0,0,112.89450731,0,11,23.022894085,0
22000,36738,100040,"HomeImp","Other",6,0,0,138.94245756,0,14,30.78315421,0
14200,94696,121528,"DebtCon","Office",10,0,0,209.05180452,0,12,39.64882408,0
15600,75701,106389,"DebtCon","ProfExe",0,0,0,278.68039442,2,21,40.108259064,0
9400,81546,119128,"HomeImp","Office",30,0,0,328.17812369,2,38,34.150319383,0
12200,61302,90873,"DebtCon","Other",2,0,0,35.973541612,1,4,39.973613155,0
21600,41105,65411,"DebtCon","Other",25,0,0,303.23405271,3,32,35.247327711,0
20200,61303,97780,"HomeImp","ProfExe",17,0,1,632.1031857,1,24,20.737039009,0
12500,79900,94660,"DebtCon","Mgr",19,0,0,252.34969818,10,24,35.800492028,0
23600,94908,101678,"DebtCon","ProfExe",1,1,0,125.70170443,0,19,33.224319129,0
28200,148772,NA,"HomeImp","Self",3,0,0,203.57585973,1,17,43.304658069,0
16500,51758,138693,"DebtCon","Other",2,0,0,283.06984094,5,43,39.716770715,0
23500,62742,111921,"DebtCon","ProfExe",15,0,3,282.97601589,0,36,27.148205463,0
12200,90154,110479,"DebtCon","ProfExe",9,0,0,196.92640591,2,37,43.189031502,0
28400,53480,90560,"DebtCon","Other",24,0,1,174.47472367,0,19,24.490839114,0
21800,48139,80114,"DebtCon","Other",13,0,0,111.99863079,1,9,4.1427039717,0
17800,36902,57622,"HomeImp","Other",9,0,0,121.87970265,0,10,19.142116568,0
15000,44623,72225,"DebtCon","Other",1,0,0,268.4203579,0,21,28.13158042,0
9600,42357,99756,"HomeImp","Office",4,1,4,354.65022495,0,30,36.525172928,1
9700,44652,63232,"DebtCon","Other",9,0,0,102.16551363,0,22,37.034875874,0
12500,83924,100114,"HomeImp","ProfExe",0,0,0,71.304197606,1,20,34.712768805,0
14500,35799,51720,"HomeImp","Other",10,0,0,123.21810499,1,9,18.324935276,0
14900,69723,NA,"DebtCon","Office",5,0,0,114.85553461,1,19,22.957291799,0
24700,98900,115052,"DebtCon","Other",23,0,0,239.42607378,1,26,41.700530781,0
12000,76799,83864,"DebtCon","Mgr",8,0,0,102.20427433,0,22,27.17193008,0
25200,63258,100392,"DebtCon","ProfExe",0,0,0,194.70131583,0,25,35.274460982,0
15400,104451,119195,"DebtCon","Office",5,0,0,264.76165219,0,34,29.963272776,0
8300,67839,76502,"DebtCon","ProfExe",9,0,0,58.560174005,3,24,38.974293529,0
18900,34583,59247,"DebtCon","Other",15,0,0,89.340627109,0,17,39.990188361,0
10200,8907,59814,"HomeImp","Other",7,2,0,364.43094738,1,22,16.064245381,0
10600,50662,62491,"DebtCon","Other",0,0,0,197.70926699,1,13,26.251888349,0
48800,47476,105332,"HomeImp","Self",9,0,0,194.13891853,3,36,40.653434674,0
5700,76948,85753,"HomeImp","Other",7,0,0,128.47645151,0,25,37.85968784,0
8900,58503,74706,"HomeImp","Other",6,0,0,243.93599625,1,16,36.793237169,0
11200,17411,86102,"DebtCon","Other",10,0,0,267.97010945,0,13,22.089199918,0
25500,143881,178914,"DebtCon","ProfExe",7,0,0,323.0225718,0,35,37.575821975,0
40100,58784,115430,"DebtCon","Mgr",17,0,1,183.52005671,0,22,39.389156556,0
8700,93759,119459,"HomeImp","Office",24,0,0,NA,1,12,38.729710894,0
9700,32660,54536,"DebtCon","Office",0,0,0,156.4821057,0,13,67.32490355,1
30900,190480,298239,"DebtCon","Other",27,0,1,164.60487057,0,23,39.601452126,0
9700,84933,122520,"DebtCon","Office",10,0,0,141.43307599,1,23,36.795013963,0
22600,96485,120470,"HomeImp","Mgr",9,0,0,112.84033563,2,24,31.865916827,0
14100,86996,108452,"HomeImp","Other",19,0,0,134.99325176,4,24,29.778946076,0
26400,153853,188760,"HomeImp","Self",2,0,0,172.57083327,0,17,43.35819405,0
28900,102108,147463,"DebtCon","Mgr",19,0,0,205.8658949,0,13,41.654211317,0
18600,50167,96312,"DebtCon","ProfExe",5,0,0,128.33943385,1,21,36.377322201,0
32000,22832,43358,"DebtCon","Other",1,0,0,68.328984239,0,7,13.665797689,0
9400,76989,88788,"HomeImp","Other",24,0,0,350.6390057,0,46,30.061371367,0
7800,58399,65945,"DebtCon","Other",1,0,1,NA,2,18,37.02476444,0
13500,124696,200707,"HomeImp","Office",0,0,1,348.66949199,0,16,39.550703015,0
15000,65584,92582,"DebtCon","Other",10,0,0,82.948973217,2,10,34.317240799,0
27800,19600,50594,"DebtCon","Other",24,0,0,137.23404427,1,10,24.522374645,0
21200,63093,101789,"HomeImp","ProfExe",18,0,0,623.45620883,1,24,19.414587953,0
42200,21427,61457,"DebtCon","Other",19,0,0,183.48181171,1,30,39.864738809,0
21300,133942,282972,"HomeImp","Mgr",3,0,0,NA,0,15,30.545400667,0
15100,140193,NA,"DebtCon","Mgr",11,0,0,248.18841905,0,20,30.080158196,0
19200,96401,115545,"DebtCon","ProfExe",7,0,0,128.71451378,1,20,22.187289994,0
18100,18611,171194,"HomeImp","Self",5,0,0,313.03794532,0,26,27.199154012,0
14700,35832,66260,"DebtCon","ProfExe",7,0,0,277.79408675,0,16,23.705359284,0
16800,50135,NA,"DebtCon","ProfExe",5,0,0,126.48940505,2,21,35.856354887,0
64200,64888,145725,"HomeImp","Office",10,0,1,136.94781122,0,11,40.531823103,0
24000,96072,122441,"HomeImp","Mgr",10,0,0,127.741782,1,24,33.608037305,0
21200,109747,174666,"DebtCon","Office",7,0,0,211.8072267,3,24,40.39483989,0
23600,57327,105411,"DebtCon","ProfExe",14,0,3,276.18236267,0,35,29.283032502,0
42900,122372,175968,"DebtCon","Self",13,0,0,160.72975574,0,4,39.469199606,0
38000,94083,132791,"DebtCon","Self",10,0,1,212.99272796,0,64,62.801732089,1
8900,58839,81223,"DebtCon","Office",4,0,0,102.24646959,2,15,26.206409952,0
13300,79512,92224,"DebtCon","Other",9,0,0,159.20708757,4,22,38.94860467,0
21400,134041,163103,"DebtCon","ProfExe",6,1,0,172.03106931,0,38,19.637068751,0
32300,133193,174905,"DebtCon","Mgr",13,0,0,177.0516476,1,28,39.475689602,0
18900,61429,84990,"DebtCon","ProfExe",8,3,1,166.17939921,2,64,40.436704805,1
33900,128884,172094,"DebtCon","Mgr",12,1,0,166.62473824,1,27,42.318899224,0
13700,84996,112522,"HomeImp","ProfExe",9,0,1,171.95341056,0,28,32.843504905,0
24500,80072,107559,"DebtCon","Other",18,0,0,194.87746019,0,12,39.210169634,0
5400,86922,119846,"HomeImp","ProfExe",5,0,0,185.07634726,1,28,26.354889295,0
22700,73280,92961,"DebtCon","ProfExe",8,0,1,109.57029237,3,26,34.614422556,0
31200,124295,176185,"DebtCon","Mgr",12,0,0,171.21441633,1,27,43.17681901,0
18700,45365,71853,"DebtCon","Other",7,0,0,98.456484436,3,15,41.388747587,0
13000,16913,NA,"HomeImp","Office",23,0,0,264.9921562,0,20,30.622635559,0
13200,77241,112904,"DebtCon","Other",5,0,0,68.549045013,2,14,34.535243721,0
13800,85805,135789,"DebtCon","ProfExe",15,0,0,303.68822972,0,18,27.869079212,0
26200,72648,123582,"DebtCon","Office",0,1,0,331.35288565,0,23,37.545837379,0
11900,108763,128780,"DebtCon","Office",8,0,0,60.377932903,3,21,49.418114378,1
26600,61151,97072,"DebtCon","Other",16,0,1,133.44811044,0,29,39.229711537,0
12700,59440,88690,"DebtCon","Other",0,0,0,129.15261505,3,11,37.838273531,0
10800,83441,92148,"DebtCon","Mgr",5,0,0,119.14584404,1,26,40.978635322,0
15800,46716,60231,"DebtCon","Other",3,0,0,191.32373689,0,13,28.053604481,0
12300,60200,77079,"HomeImp","Office",13,0,0,242.24413818,1,32,45.394168545,0
52900,48825,59418,"DebtCon","Office",13,0,0,102.33868297,1,25,38.751994986,0
21600,43449,68744,"DebtCon","Office",11,0,1,121.95099104,1,22,40.916477381,0
13700,70018,NA,"HomeImp","Office",24,0,0,154.75212087,1,13,39.389908828,0
23200,62811,99320,"DebtCon","Office",3,0,0,NA,1,21,36.071271567,0
33700,147522,198737,"DebtCon","ProfExe",20,0,0,188.14935613,1,21,37.308536262,0
14200,60570,74648,"DebtCon","ProfExe",2,0,0,137.84110526,2,35,40.289761298,0
21300,58209,84200,"DebtCon","Other",18,0,0,212.9322977,0,22,33.033146414,0
14400,46955,67304,"DebtCon","Other",2,0,0,171.6224654,0,13,36.555188948,0
22300,133995,281186,"HomeImp","Mgr",2,0,0,181.15398818,0,15,28.899299611,0
15500,46846,70082,"DebtCon","ProfExe",7,0,0,152.16806013,2,12,30.131497225,0
23500,90246,119320,"DebtCon","Other",22,0,0,239.25964489,1,26,41.336696482,0
5600,76407,77485,"HomeImp","Other",9,0,0,91.683770634,0,24,37.773350976,0
19000,130291,168187,"DebtCon","Office",3,0,0,140.68934288,0,20,24.788150207,0
20600,35530,105838,"HomeImp","Other",7,0,0,106.162918,0,15,32.093866518,0
23900,140328,183533,"HomeImp","Mgr",8,0,0,322.78811436,0,17,45.413177555,0
21100,63955,95621,"HomeImp","ProfExe",19,0,0,NA,0,24,20.01032357,0
9400,81596,116738,"HomeImp","Office",28,0,0,338.62903535,1,38,34.169513676,0
12200,70722,81760,"DebtCon","Other",0,0,0,219.78527278,3,26,30.277005376,0
38300,93255,144457,"DebtCon","Other",10,0,0,73.656853928,1,36,41.939496061,0
17900,110332,130756,"DebtCon","Other",2,0,1,288.65558416,1,47,41.946375198,0
19900,90966,154351,"HomeImp","ProfExe",4,0,0,103.97544215,0,17,35.405919939,0
31400,16209,62450,"DebtCon","Other",1,0,0,108.38765771,1,6,38.121275069,0
21000,131378,199687,"HomeImp","ProfExe",12,0,0,208.60596567,0,21,37.099279114,0
22800,96495,122362,"HomeImp","Mgr",8,0,0,120.9792917,2,24,29.809835155,0
9300,73252,100537,"DebtCon","ProfExe",2,0,0,99.774527119,0,26,34.514635071,0
22400,16630,56824,"DebtCon","Other",25,0,1,199.7384646,0,24,27.027787429,0
32100,127901,176592,"DebtCon","Mgr",12,0,0,186.6022388,2,27,40.959377082,0
15400,32131,47338,"HomeImp","Other",9,0,0,93.373142196,1,11,31.409186356,0
13100,70878,86743,"DebtCon","ProfExe",10,0,0,174.88174385,0,11,39.784408257,0
25000,36108,84365,"HomeImp","Other",23,0,0,248.85150089,0,7,26.027040254,0
22600,91177,NA,"DebtCon","Other",24,0,0,251.58240353,1,26,42.077988376,0
27900,142346,185057,"DebtCon","ProfExe",9,0,1,155.54869901,0,36,39.397042716,0
10300,58572,75946,"DebtCon","Office",5,0,0,85.010052857,2,14,27.769438937,0
20400,132443,204082,"HomeImp","ProfExe",13,0,0,187.01869159,0,22,36.821887439,0
18300,68096,NA,"DebtCon","Mgr",1,0,0,85.843161697,0,17,27.633516483,0
31300,106960,144201,"DebtCon","Other",15,0,0,230.41303519,0,40,42.666659574,0
26000,81764,118388,"DebtCon","ProfExe",9,0,0,130.19241813,0,18,28.154134662,0
6700,49367,59609,"HomeImp","Other",6,0,0,99.303700784,0,17,25.231366381,0
5400,68625,82304,"DebtCon","Sales",2,0,0,136.63294416,0,30,32.05002349,0
21700,93868,147228,"DebtCon","ProfExe",22,0,0,153.68459626,0,25,39.533954235,0
8400,17479,66894,"HomeImp","Office",23,0,0,326.34280468,1,13,40.588576066,0
12000,69796,93757,"DebtCon","Office",16,0,1,91.432675908,0,8,24.459383678,0
11000,54641,65705,"DebtCon","Other",5,0,0,323.19292763,0,10,33.299628394,0
15600,62582,131510,"DebtCon","Self",2,0,2,122.60405287,1,17,38.588222397,1
25800,137140,167096,"DebtCon","Other",7,0,1,209.08528296,1,19,36.18947433,0
16700,53423,85685,"HomeImp","ProfExe",5,0,0,109.42942826,0,12,28.160611312,0
28700,67951,106093,"DebtCon","ProfExe",11,0,0,263.74392226,0,32,40.212234831,0
25600,78441,128814,"DebtCon","Office",2,0,0,310.50009981,1,24,38.738649619,0
13000,72931,NA,"DebtCon","Other",6,0,0,208.67289177,2,18,41.052235012,0
32600,233216,38583,"DebtCon","Mgr",4,0,1,226.14698877,2,49,40.222182864,0
16900,88143,115365,"DebtCon","Other",19,0,0,282.06851776,0,16,24.962851371,0
11900,44142,54299,"HomeImp","Other",22,0,0,123.47114722,0,22,37.154902302,0
18300,93728,153093,"HomeImp","ProfExe",5,0,0,109.33710593,0,16,36.213987487,0
9600,64758,63646,"HomeImp","Other",5,0,0,120.64455858,0,34,35.98492935,0
10500,74814,98132,"HomeImp","ProfExe",8,0,0,164.3308981,0,34,32.375149102,0
17000,6778,60065,"DebtCon","Sales",0,0,0,326.51841443,0,5,38.836601841,0
18200,13925,94898,"DebtCon","Other",22,0,0,223.90191801,2,41,35.998225405,0
24000,43427,68308,"DebtCon","Other",25,0,0,302.77226199,2,31,34.871855162,0
11100,56999,67427,"HomeImp","Other",8,0,0,139.51391501,0,16,35.892436102,0
39500,68117,117084,"DebtCon","Mgr",15,0,0,198.0997869,0,21,40.204874501,0
9900,23767,39293,"DebtCon","Other",5,1,0,145.76577376,0,9,24.605128805,1
23500,48286,81958,"DebtCon","Mgr",6,0,0,248.86009427,2,25,32.467300894,0
12800,54151,83828,"DebtCon","Other",13,0,0,132.16026989,0,16,23.477426284,1
27300,106221,137727,"DebtCon","Self",3,0,0,300.57451085,3,45,32.560359399,1
40300,369874,NA,"HomeImp","ProfExe",2,0,0,328.19889377,4,15,40.799921408,0
60000,38944,69961,"DebtCon","Other",2,0,0,96.693928882,0,20,28.385501018,0
14700,77565,101320,"HomeImp","ProfExe",6,0,0,120.82737185,0,26,25.27620451,0
13900,11413,81273,"DebtCon","Other",7,0,0,239.08369595,0,14,19.626149514,0
18600,49385,70220,"DebtCon","ProfExe",6,0,0,229.474919,2,32,30.731396529,0
18600,43438,NA,"DebtCon","Office",1,0,0,229.2744494,0,11,35.800071424,0
21700,20627,52040,"DebtCon","Other",26,0,2,199.98543166,0,25,27.117689551,0
12500,56791,72974,"HomeImp","Other",29,0,3,182.0664052,0,24,35.691622815,0
18400,75491,101745,"DebtCon","ProfExe",0,0,0,279.37005066,1,20,38.750299661,0
22500,87361,140632,"DebtCon","ProfExe",24,0,0,146.29617189,0,25,39.876769931,0
41700,59889,109250,"DebtCon","Mgr",16,0,0,187.13281076,0,22,36.968814443,0
43300,18824,63487,"DebtCon","Other",22,0,0,212.25488936,0,30,41.246735956,0
9700,45907,57507,"DebtCon","Other",6,0,0,81.229448637,0,11,29.037574223,0
12000,15756,53079,"HomeImp","Office",23,0,0,259.55504435,0,20,29.397478217,0
17800,60611,89943,"DebtCon","Office",29,0,0,208.46653704,0,21,30.813240588,0
20300,13838,30813,"DebtCon","Other",0,0,0,39.645887291,1,3,29.98518301,0
19700,139534,172125,"DebtCon","Other",0,0,0,101.94351853,6,17,32.761083981,1
21100,61427,83722,"DebtCon","Other",19,0,0,220.55353362,0,21,32.72762776,0
26800,96895,NA,"DebtCon","Mgr",23,0,0,201.96787517,0,13,40.162160653,0
22500,44228,86872,"HomeImp","Other",24,0,0,256.28691889,1,6,26.853259022,0
24800,76220,102087,"HomeImp","Mgr",6,0,1,126.64101955,0,32,48.569574037,1
19300,50554,76140,"DebtCon","Mgr",9,2,0,78.276625282,3,27,36.026904369,0
25500,79593,113063,"DebtCon","ProfExe",9,0,0,135.74061354,0,19,28.040793179,0
10700,48322,64383,"DebtCon","Other",0,1,0,185.25673471,2,12,28.030801551,0
6300,99469,116260,"HomeImp","Office",23,0,0,124.74559549,1,12,35.642270107,0
21700,29500,53943,"DebtCon","ProfExe",14,0,0,185.68207969,1,19,37.751545837,0
27700,67446,NA,"DebtCon","ProfExe",11,0,0,286.96597112,0,32,38.995164401,0
13900,47741,69111,"DebtCon","Other",2,0,0,254.25961308,0,21,28.885618182,0
25500,32458,52329,"DebtCon","Other",15,0,0,105.7836806,2,24,29.866278228,0
9800,78022,103466,"DebtCon","Mgr",1,0,0,83.835338491,2,24,37.434615355,0
10700,73996,92766,"DebtCon","Office",15,0,1,102.14742858,0,9,25.3840627,0
13200,69195,79252,"DebtCon","Office",13,0,0,248.78813035,3,37,41.905604624,0
11000,77723,107245,"HomeImp","ProfExe",5,0,0,NA,0,26,26.91192966,0
4200,66272,82953,"HomeImp","Other",3,0,0,110.27866259,0,15,43.450587911,0
18200,39109,62371,"HomeImp","Other",25,0,0,268.19826067,0,13,24.748181035,0
19200,24430,128837,"DebtCon","Other",9,0,0,355.79841245,1,10,41.147749222,0
12600,84933,110253,"DebtCon","ProfExe",8,0,0,NA,1,37,40.845077791,0
15300,57840,86903,"DebtCon","Other",0,0,0,110.82722442,4,11,38.826177523,0
28600,126189,167157,"DebtCon","ProfExe",19,0,2,239.22703591,0,26,31.012748928,1
15600,47537,66581,"DebtCon","Other",7,0,1,116.6148587,3,48,30.372801078,0
14400,78965,90729,"DebtCon","Mgr",4,0,0,132.6602719,2,26,39.686959105,0
20900,59228,92224,"DebtCon","Office",1,0,0,157.07118358,1,21,37.677209372,0
22200,57458,102195,"HomeImp","ProfExe",18,0,0,628.15806161,1,24,20.496216103,0
26400,240907,260638,"HomeImp","Self",7,1,0,255.41551402,3,51,37.652919106,0
6000,95232,NA,"HomeImp","Office",22,0,0,149.0229081,1,12,37.954336913,0
17200,33073,NA,"DebtCon","ProfExe",7,0,0,163.39478871,1,20,28.274888868,0
12800,79151,110583,"DebtCon","Other",4,0,0,79.371384496,1,13,33.586691632,0
17700,58016,76416,"DebtCon","Office",4,0,0,28.011491753,5,10,41.463373328,1
37900,150044,202894,"HomeImp","ProfExe",5,0,0,156.03392791,0,30,36.311407672,0
19900,68830,107598,"DebtCon","Office",10,0,0,202.93419537,2,13,30.957516266,0
17200,48999,76544,"DebtCon","ProfExe",5,0,0,240.52274651,3,31,32.841753914,0
10300,45275,62724,"HomeImp","Other",11,0,1,109.32463871,3,34,37.291824994,0
14400,111914,142105,"DebtCon","ProfExe",3,0,0,284.51696603,1,46,32.911384663,0
23200,131804,171144,"DebtCon","ProfExe",6,0,0,197.76872804,0,37,19.778851787,0
11900,89595,107895,"HomeImp","Mgr",9,0,0,250.46824187,0,24,30.305388108,0
12800,29100,NA,"HomeImp","Other",7,0,0,93.395002466,2,12,31.283061018,0
30500,108736,147531,"DebtCon","Other",13,0,0,228.61035912,1,40,43.12276156,0
16200,118585,131940,"DebtCon","Sales",5,0,0,202.38516993,2,40,23.977112224,1
9600,50655,NA,"DebtCon","Other",0,0,0,93.432844102,0,20,37.982353508,0
65200,71061,141666,"HomeImp","Office",10,0,1,134.68090672,0,11,43.56886383,0
23500,65587,87101,"DebtCon","Other",3,0,0,83.238000041,2,30,32.031678369,0
23600,87875,139025,"DebtCon","Other",10,0,0,112.91251455,2,15,38.505897277,0
18300,73510,95132,"DebtCon","Mgr",0,0,0,86.684295749,0,17,25.244046294,0
7400,56596,NA,"HomeImp","Mgr",3,0,1,141.96214925,0,23,28.300245637,0
17300,51185,65537,"DebtCon","Other",6,0,1,129.83794119,3,49,29.311594064,0
70800,192044,NA,"DebtCon","Self",10,0,0,221.60848575,2,25,30.37854757,0
31200,38352,NA,"DebtCon","Mgr",21,1,0,116.4379076,0,14,35.38186329,1
21700,56822,78399,"DebtCon","Mgr",10,1,0,70.691072722,3,28,36.610540064,0
31000,133471,188154,"DebtCon","ProfExe",0,0,0,218.53826063,2,18,40.315083491,0
17500,92986,114276,"DebtCon","Other",13,0,0,116.96135784,2,8,36.251385732,0
21500,90321,103778,"DebtCon","ProfExe",2,0,0,128.64278574,0,20,34.282675916,0
24300,70912,98353,"DebtCon","ProfExe",9,1,0,126.2435974,3,26,36.372531415,0
24300,21660,NA,"DebtCon","Other",26,0,0,102.78283553,0,10,23.247958281,0
12900,90646,100744,"HomeImp","Other",19,0,0,141.20846058,3,23,31.526379711,0
9600,70589,99384,"HomeImp","Other",0,0,1,176.4674623,0,31,34.234789575,0
8200,61821,64832,"HomeImp","Other",5,0,0,123.28602489,0,34,35.875343986,0
13000,96172,NA,"DebtCon","ProfExe",14,0,0,NA,1,18,36.225571567,0
21900,53458,77455,"DebtCon","ProfExe",10,0,0,192.88774922,1,42,40.956310782,0
14300,43826,70517,"DebtCon","Other",0,0,0,260.08494491,0,20,28.839933481,0
65500,205156,290239,"DebtCon","ProfExe",2,0,0,98.808205619,1,21,144.18900129,1
18800,166737,199303,"DebtCon","ProfExe",9,0,0,270.88268753,1,38,25.532128787,0
16900,71672,96677,"DebtCon","Other",1,0,0,153.79169482,0,30,35.327836168,0
25700,63054,104624,"DebtCon","Other",15,0,1,132.10711721,0,29,40.205292882,0
14300,93989,117410,"DebtCon","Office",10,0,0,220.89922098,0,12,39.877500773,0
17200,11950,170000,"HomeImp","Mgr",22,0,0,77.283384968,1,20,28.82169866,0
8400,57694,70782,"HomeImp","Other",4,0,0,125.71032467,0,34,37.622785545,0
10800,44355,57742,"HomeImp","Other",20,0,1,129.73199214,0,22,38.042767861,0
15400,28669,43078,"DebtCon","Mgr",14,1,0,108.19889491,1,17,24.674174851,0
30800,21172,37333,"DebtCon","Other",30,0,0,208.49869628,0,15,41.358171066,0
9500,59494,75930,"HomeImp","Other",0,0,0,98.99850784,0,6,36.888436373,0
13100,73987,106557,"DebtCon","Office",9,0,0,149.45252906,1,13,37.008526928,0
12000,7804,65395,"HomeImp","Other",8,2,0,347.12332582,0,21,16.816307486,0
11400,28043,87684,"HomeImp","ProfExe",20,1,1,229.17795924,0,10,25.489994512,0
26800,46236,62711,"DebtCon","Office",17,0,0,175.07505804,1,22,33.059933638,0
13400,67941,84973,"DebtCon","Office",6,1,3,179.97707017,3,30,37.428937524,0
8400,39677,54707,"DebtCon","Office",10,0,0,203.24296532,1,23,31.217709755,0
10000,127319,194992,"HomeImp","Office",1,0,1,337.6899717,0,16,41.447505948,0
27600,72468,106906,"DebtCon","ProfExe",12,0,0,288.84955151,1,32,38.984013009,0
23800,76390,110315,"DebtCon","Mgr",7,0,0,275.95535624,2,29,29.713601037,0
18200,68743,92112,"DebtCon","Mgr",0,0,0,95.34376502,0,16,26.692666627,0
13300,57878,69907,"DebtCon","ProfExe",1,0,0,154.48481378,2,35,41.119153488,0
13100,48153,70059,"DebtCon","Other",11,0,0,242.6505336,0,18,30.893118223,0
15300,22079,168281,"HomeImp","Self",8,0,0,301.4910256,0,27,27.771122696,0
22800,132706,NA,"DebtCon","ProfExe",8,0,0,147.41494905,0,37,19.518531863,0
17200,43996,79419,"DebtCon","Mgr",5,0,0,140.97340097,0,9,28.662173401,0
9300,79133,100033,"DebtCon","Other",3,0,0,102.16302743,2,31,40.794635454,0
26300,78851,109090,"DebtCon","Office",8,0,0,405.43042921,0,44,42.341626392,0
48200,93127,159179,"DebtCon","Other",16,0,0,216.00862038,8,19,38.128228035,0
20800,96994,140564,"DebtCon","Mgr",13,0,0,169.68715741,1,25,33.525064301,0
12900,50636,57838,"DebtCon","Other",0,1,0,187.82532332,1,13,28.813470941,0
8700,57141,70244,"HomeImp","Other",8,0,0,106.85542816,0,19,31.891314262,1
11800,118053,125325,"DebtCon","Self",5,0,0,181.17206513,0,18,33.200397325,0
19100,58453,NA,"DebtCon","Other",15,1,0,203.14107643,1,21,36.228729628,0
8500,77954,NA,"HomeImp","Other",25,0,0,350.7763043,1,46,28.584515556,0
17800,107736,113100,"DebtCon","Other",1,0,0,135.12322489,2,20,38.937112238,0
8800,55990,89673,"HomeImp","Other",18,0,0,184.62596594,0,29,27.701649739,0
8600,57727,70828,"HomeImp","Other",5,0,0,87.845310974,3,19,41.75352499,0
22600,133264,172882,"DebtCon","ProfExe",6,1,0,190.24756023,0,37,19.973955025,0
13800,94843,125541,"HomeImp","Mgr",2,0,2,159.25249684,0,26,42.305239736,0
9000,8221,38290,"DebtCon","Other",4,0,0,266.38379937,0,12,23.703067187,0
23400,72262,NA,"DebtCon","Other",2,0,0,105.99926564,1,29,31.8406351,0
7400,65032,NA,"HomeImp","Other",15,0,0,230.42025592,1,35,35.415112916,0
5500,40584,46645,"HomeImp","Other",4,0,1,136.32063746,0,13,34.494708965,1
24500,82756,122917,"DebtCon","ProfExe",11,0,1,108.65014117,0,18,26.127436677,0
26000,20119,54563,"DebtCon","Other",24,0,0,126.98795944,0,11,25.623638507,0
13900,84427,114209,"HomeImp","ProfExe",12,0,2,180.18742244,0,27,33.351870253,0
21600,61797,109007,"DebtCon","ProfExe",14,0,2,267.88778988,0,35,26.092171525,0
8900,147801,157335,"HomeImp","Other",4,0,0,85.574865756,4,21,34.756560384,1
25400,107343,192642,"DebtCon","Other",1,0,10,192.6716931,1,14,35.759760239,1
32700,14955,38584,"DebtCon","Other",29,0,0,197.98631477,0,14,41.529096268,0
13600,115816,212995,"HomeImp","ProfExe",1,0,0,114.8430305,1,14,26.3251112,0
7100,57863,70969,"DebtCon","Other",0,0,0,65.872044812,7,21,26.829490191,0
25700,26059,51800,"DebtCon","Other",24,0,0,118.03113124,0,10,23.085478541,0
40900,64674,111877,"DebtCon","Mgr",15,0,0,NA,0,21,40.456009873,0
26400,196412,250164,"DebtCon","Other",9,0,0,97.278349271,1,26,42.334245998,0
15200,105328,113931,"HomeImp","ProfExe",3,0,0,138.13350449,2,32,61.89063458,1
17800,38770,64357,"DebtCon","Other",17,0,0,NA,0,21,27.97949547,0
26400,59288,87753,"DebtCon","Other",8,1,1,145.88249239,3,29,38.972486705,0
26500,76599,119041,"DebtCon","Other",4,0,0,97.265658469,1,31,40.12650973,0
24400,93411,140031,"HomeImp","ProfExe",6,0,0,177.51124938,0,32,31.027335916,0
15600,76724,96942,"DebtCon","Other",0,1,0,157.41095093,1,18,34.23989502,0
24200,22763,47622,"DebtCon","Other",23,0,0,126.92269121,1,10,23.040944709,0
16200,22956,44866,"DebtCon","Mgr",16,0,0,114.75901917,1,17,24.090882167,0
4000,26572,31960,"HomeImp","Office",11,0,0,117.79510387,0,8,41.286491948,1
10600,62909,81411,"HomeImp","Other",15,0,0,238.31447075,1,35,34.680381648,0
12000,57371,69076,"DebtCon","Mgr",10,1,0,83.251972039,1,19,29.632108256,0
13500,63572,102739,"HomeImp","ProfExe",7,0,0,250.56135691,0,12,34.913793441,0
23100,64601,100170,"DebtCon","Office",2,0,0,156.67537504,0,21,34.000236065,0
17400,44479,78121,"DebtCon","Mgr",1,0,0,117.3235888,0,9,27.133989435,0
18500,38145,59415,"HomeImp","Other",25,0,0,241.89735737,0,14,23.870792259,0
17600,88661,114922,"DebtCon","Other",13,0,0,152.75401017,1,7,36.766273628,0
16900,73128,101683,"DebtCon","Sales",26,0,0,254.19179745,0,45,38.512308689,1
12100,61868,66874,"HomeImp","Other",30,0,3,170.43863924,0,23,37.915020999,0
24200,90626,116601,"DebtCon","Self",2,0,0,226.11638661,1,27,34.499938365,0
23000,76561,111389,"DebtCon","Mgr",8,0,1,301.23291075,2,28,30.346706109,0
11300,129489,195105,"HomeImp","Office",0,0,1,356.31348584,0,16,41.634017956,0
31300,119911,171916,"DebtCon","ProfExe",16,0,0,140.44947135,0,16,27.689910704,0
14700,33150,46053,"HomeImp","Other",8,0,0,76.914717556,2,11,30.69643481,0
16400,71264,94726,"DebtCon","Other",1,0,0,177.2573424,1,31,35.034481355,0
18600,48711,69611,"HomeImp","Office",2,0,0,130.25313366,0,17,33.691188019,0
10200,79257,105912,"HomeImp","ProfExe",3,0,0,95.35537249,0,33,39.391365195,0
12700,53199,82567,"HomeImp","Other",3,0,1,185.32503543,0,13,27.390380405,0
24800,144410,211936,"HomeImp","ProfExe",3,0,0,195.07035954,1,28,38.926156879,0
17700,82302,111228,"HomeImp","ProfExe",4,0,0,118.4559036,0,25,37.160561204,0
17000,82662,111357,"DebtCon","Mgr",17,0,0,252.30598474,4,30,37.316119916,0
11300,46120,52911,"HomeImp","Mgr",19,0,0,229.44157776,1,17,36.334814357,0
14000,46541,64338,"DebtCon","Other",0,0,0,204.40944332,1,12,28.364798507,0
10800,61791,78361,"DebtCon","Office",5,0,0,94.518067782,2,15,28.088524645,0
17100,48471,71546,"DebtCon","ProfExe",5,0,1,254.0957007,3,32,29.818743539,0
11700,95411,117927,"DebtCon","ProfExe",14,0,0,177.92669579,1,17,34.490564131,0
15900,38860,68912,"DebtCon","ProfExe",9,0,0,250.92750292,1,16,22.175263227,0
39700,146341,208296,"HomeImp","ProfExe",5,0,0,139.4367339,0,31,35.459160501,0
12700,9038,65969,"HomeImp","Other",7,1,1,346.58010279,0,22,13.347212679,0
46300,120636,178823,"DebtCon","Self",11,0,0,188.0436192,0,3,40.915141271,0
11900,81318,105454,"HomeImp","ProfExe",6,0,0,92.136821036,1,33,37.525751033,0
11300,16115,69113,"DebtCon","ProfExe",22,0,2,403.51499966,0,12,22.168244524,0
7400,51974,59323,"HomeImp","Other",4,0,0,83.34671188,0,18,23.397634628,0
20900,61402,88659,"DebtCon","ProfExe",9,3,0,164.24893233,1,63,40.921433337,1
7500,67778,83368,"DebtCon","ProfExe",15,0,0,227.29208976,0,17,24.091770363,0
15200,7879,95124,"HomeImp","Other",13,0,1,270.28589924,0,22,29.160140823,0
24900,46116,77519,"DebtCon","Other",9,0,0,120.08355192,1,19,42.929509267,0
40000,145351,NA,"HomeImp","ProfExe",3,0,0,153.82654377,0,31,36.099926976,0
37900,201996,272874,"DebtCon","ProfExe",3,0,0,249.8265925,0,32,31.427582447,0
17800,54003,116434,"DebtCon","ProfExe",18,0,0,268.71530396,0,19,24.251971765,0
27200,101680,134864,"DebtCon","Office",10,0,1,150.59619803,0,29,40.880494666,0
11000,77929,102942,"HomeImp","ProfExe",8,0,0,173.8298837,0,34,33.897772554,0
24500,62490,97467,"DebtCon","Other",14,0,0,96.972678724,1,17,34.975655027,0
47000,42437,NA,"HomeImp","Self",10,0,0,206.71407561,2,35,40.142521056,0
14700,51829,NA,"DebtCon","Other",14,0,0,169.98530778,0,18,35.635393849,1
9900,47865,88105,"HomeImp","Other",18,0,0,203.02399137,0,17,34.553305392,0
58100,42615,70584,"DebtCon","Other",4,0,0,102.29911691,0,20,28.525768936,0
10100,114590,215784,"HomeImp","ProfExe",2,0,0,123.16918276,0,14,27.84508378,0
43900,120527,174003,"DebtCon","Self",13,0,0,167.20836635,0,4,39.289348981,0
25600,144616,211230,"HomeImp","ProfExe",7,0,0,199.09130807,0,27,39.002928326,0
6100,62751,95617,"HomeImp","Other",1,0,0,138.64686318,1,13,31.757270694,1
13500,88738,NA,"DebtCon","Office",9,0,0,239.74372086,0,12,41.077117828,0
13600,18232,75898,"DebtCon","ProfExe",19,0,2,399.35570145,0,12,21.260894854,0
10100,154005,175684,"HomeImp","Office",4,0,0,189.36630726,0,56,33.971221884,0
7500,32070,NA,"DebtCon","Other",1,1,0,228.03600011,0,6,30.162214113,1
14800,63508,87310,"DebtCon","Other",2,0,0,127.16522994,3,10,38.953722682,0
12000,88210,114224,"DebtCon","ProfExe",8,0,0,203.46897898,1,36,41.572971522,0
16900,102108,117650,"DebtCon","Other",9,0,0,279.11258466,1,19,29.645177293,0
19500,98718,122659,"HomeImp","Mgr",0,0,1,324.25708383,0,20,42.546020912,0
14700,35164,68061,"DebtCon","ProfExe",5,0,0,245.67057762,1,16,23.112289816,0
28100,112564,162129,"DebtCon","ProfExe",7,0,0,115.56446202,2,26,33.091681472,0
27200,145725,179197,"DebtCon","Other",1,0,0,183.37628836,0,34,40.287479925,0
15100,53549,99812,"DebtCon","ProfExe",4,0,0,127.12214723,2,21,37.957103675,0
15600,51990,141518,"DebtCon","Other",1,0,0,272.5030662,3,43,39.301823191,0
11000,56795,70014,"DebtCon","Other",3,0,1,319.79577127,0,10,33.596170858,0
22200,93947,116176,"DebtCon","Self",2,0,0,205.02940851,2,26,34.93940311,0
10400,66044,83531,"HomeImp","Office",12,0,0,241.51415322,0,31,45.569842652,0
21800,80092,98561,"DebtCon","Mgr",5,0,0,73.317930125,7,24,37.138283972,0
14900,72637,103297,"DebtCon","Other",4,2,0,83.466086341,0,20,22.553039619,0
24600,83099,113245,"DebtCon","ProfExe",9,0,1,122.74921636,0,19,28.125731087,0
21600,105654,155460,"DebtCon","Mgr",16,0,0,193.04880318,0,25,33.600608463,0
27900,55859,92179,"DebtCon","Office",0,0,1,94.932544383,0,23,33.09789894,0
4200,56544,NA,"HomeImp","Office",19,0,0,211.00259912,1,20,19.027704425,0
23500,62441,97293,"DebtCon","Office",1,0,0,152.83275416,0,21,34.531259989,0
15900,96854,156450,"DebtCon","Mgr",1,0,0,NA,0,19,40.213384582,0
12200,53242,70400,"DebtCon","Other",14,0,0,NA,0,18,34.629427656,1
22000,53212,85006,"DebtCon","Other",20,0,0,218.48411292,1,21,32.855701395,0
52000,31305,83147,"HomeImp","Other",3,1,0,268.38580771,7,14,42.402933466,0
52400,27234,83482,"HomeImp","Other",2,2,0,250.61402393,6,14,40.54824598,0
6200,73881,98550,"HomeImp","Other",0,0,1,182.8787798,0,31,37.19944569,0
17200,48427,66082,"DebtCon","Mgr",29,0,0,283.84875911,1,16,38.393634669,0
10200,82630,99250,"DebtCon","Other",1,0,0,107.52855981,1,32,40.280974865,0
27700,73148,101462,"DebtCon","ProfExe",10,0,0,264.60538941,0,33,40.475793354,0
35400,90295,139602,"DebtCon","Other",12,0,0,NA,0,35,40.22961403,0
18300,12169,NA,"HomeImp","Other",13,0,1,274.48139853,0,23,30.269218177,0
12100,50100,66410,"DebtCon","Other",3,0,0,176.00986434,0,14,28.548603692,0
10400,62442,73197,"DebtCon","ProfExe",8,0,0,47.610677633,1,24,38.88482776,0
17100,46953,69086,"DebtCon","ProfExe",6,0,0,165.62778833,2,11,29.249143602,0
21000,90425,97741,"DebtCon","ProfExe",1,0,0,123.97280612,0,20,33.56414529,0
19700,49793,113200,"DebtCon","ProfExe",16,0,0,251.10419791,0,19,25.033745755,0
11100,82329,100139,"HomeImp","ProfExe",5,0,0,108.53256364,0,26,26.099258701,0
26800,148471,183284,"DebtCon","ProfExe",4,0,0,323.26238295,0,35,37.272271308,0
15200,102925,114520,"HomeImp","Office",3,0,0,137.38937273,0,22,36.44647661,0
10400,56610,86831,"HomeImp","Other",19,0,0,190.08482952,0,28,24.602658554,0
41600,365528,469694,"HomeImp","ProfExe",3,0,0,304.98288407,3,15,43.363624328,0
8000,32100,36739,"HomeImp","Other",4,0,0,79.458845053,2,8,31.276715679,1
25900,59575,85837,"DebtCon","Other",22,0,1,189.75535052,0,19,24.874615108,0
12700,79448,91004,"DebtCon","Mgr",20,0,0,227.50739015,10,23,34.464302149,0
33100,111917,156552,"DebtCon","Mgr",12,0,0,107.2948996,2,37,41.441548663,1
18900,82537,117610,"DebtCon","Mgr",16,0,0,233.84853474,5,30,39.064892967,0
34600,143542,195327,"DebtCon","ProfExe",23,0,0,174.63534866,1,22,37.447384006,0
21000,53572,80048,"DebtCon","Mgr",9,2,0,69.906569837,2,27,34.931086497,0
20100,74013,106578,"HomeImp","Mgr",13,1,0,164.44581132,0,27,33.916244151,0
69700,191972,294367,"DebtCon","Self",10,0,0,230.70561338,2,25,28.201870511,0
23100,42862,NA,"DebtCon","Office",5,0,0,182.93211997,1,26,35.583789235,0
11000,85758,108661,"HomeImp","Mgr",11,0,0,255.28741537,0,24,29.434867143,0
16200,105502,117705,"DebtCon","Other",0,0,0,125.24258861,2,21,38.810661707,0
11900,78959,104371,"DebtCon","Mgr",1,0,0,79.081397224,1,23,40.02421108,0
12700,37346,53511,"HomeImp","Other",23,0,0,136.95694068,0,22,39.431663733,0
2900,103949,112505,"HomeImp","Office",1,0,0,96.10232967,0,13,30.051136286,0
35200,234682,37079,"DebtCon","Mgr",2,0,1,216.6666372,2,50,40.410051409,0
19300,39926,101208,"HomeImp","Other",4,0,0,140.05163825,0,14,31.545694154,0
25300,51261,87025,"DebtCon","Mgr",4,0,0,249.83618476,2,25,31.658786411,0
19600,55169,86203,"DebtCon","Other",18,0,0,223.60332921,1,22,33.755272795,0
20500,113963,131135,"HomeImp","Self",3,1,0,243.68060389,1,26,143.94960495,1
6200,60354,87596,"HomeImp","ProfExe",5,0,0,210.17306467,2,23,34.054811237,0
26400,128413,207302,"DebtCon","ProfExe",9,0,0,228.01513165,3,26,17.872195182,0
19300,73668,89061,"DebtCon","Other",0,2,1,113.45356121,2,25,33.498815377,0
23200,40905,81651,"DebtCon","ProfExe",6,0,0,274.00207957,0,19,40.109442513,0
21200,113648,145650,"DebtCon","Office",11,0,1,231.01924428,0,24,41.559303671,0
17200,51352,64386,"DebtCon","Mgr",27,0,0,295.9554144,1,17,36.787305949,0
15200,102699,121925,"HomeImp","Office",2,0,0,155.92014866,0,22,36.745639039,0
4900,57461,68494,"DebtCon","ProfExe",8,0,4,183.63561323,0,30,22.795423552,0
5300,47449,63895,"HomeImp","Office",19,0,0,NA,0,20,19.762113701,0
16600,28694,44165,"DebtCon","ProfExe",20,0,1,206.71765119,2,16,30.63902291,0
13200,58549,81381,"DebtCon","Office",13,0,0,94.687106657,0,24,38.412756136,0
28800,132019,168828,"DebtCon","Mgr",0,0,0,231.28613401,1,24,35.490305671,0
15200,142766,177998,"DebtCon","Mgr",12,0,0,260.38343907,0,21,27.533272218,0
6500,60054,70434,"HomeImp","Other",1,0,0,127.06270157,2,21,37.800352933,1
13900,64356,88028,"DebtCon","Office",13,0,0,111.8099755,0,24,39.008508115,0
24700,149235,178454,"DebtCon","ProfExe",5,0,0,324.13778352,0,34,38.709991448,0
13900,77699,92587,"DebtCon","Other",13,0,2,134.63357916,0,36,39.196149463,1
5700,28116,33450,"DebtCon","Other",0,1,0,15.396587392,9,7,30.017013296,0
25100,143881,243809,"HomeImp","ProfExe",27,0,0,353.99083647,1,18,39.87670703,0
10300,59340,NA,"HomeImp","Other",13,0,0,222.36488939,1,36,34.925984254,0
9900,26427,87134,"HomeImp","ProfExe",20,0,0,244.36524652,0,11,25.003965494,0
5500,87765,NA,"DebtCon","ProfExe",22,0,0,55.558049044,2,13,31.375542416,0
14900,87167,NA,"DebtCon","ProfExe",8,0,0,194.11317353,2,36,41.329763904,0
26000,139904,172310,"DebtCon","Other",6,1,0,204.11441471,0,19,34.83482969,0
18400,89101,118748,"DebtCon","ProfExe",7,0,0,153.84976303,2,21,21.76282696,0
6400,70035,78635,"DebtCon","Sales",3,0,0,147.07716353,0,31,31.206129763,0
21900,62387,113827,"DebtCon","ProfExe",15,0,3,281.05914082,1,36,26.031709113,0
11200,68990,NA,"DebtCon","Mgr",12,0,1,120.88581123,2,23,43.159875329,1
42000,9999,50681,"HomeImp","ProfExe",3,0,0,326.06798565,5,15,12.386741311,1
7700,51045,91068,"HomeImp","Other",20,0,0,179.24093557,0,28,27.23109397,0
11400,52068,80643,"HomeImp","Other",2,0,2,199.08772113,0,13,29.462134076,0
19700,19349,133226,"DebtCon","Other",9,0,0,342.31635733,1,9,40.147908351,0
21200,84117,118884,"DebtCon","Other",9,0,0,302.20690049,2,16,36.190524264,0
24400,61260,103842,"DebtCon","ProfExe",1,0,0,179.5402847,0,26,33.590455142,0
8900,111493,133191,"DebtCon","Self",6,0,0,159.43269808,0,19,34.3711489,0
12200,61929,83102,"HomeImp","Office",14,0,0,238.52492741,1,32,44.449670971,0
22300,59809,90883,"DebtCon","Office",2,0,0,161.40290565,1,22,36.174251253,0
5500,70481,82446,"HomeImp","Other",8,0,1,116.59197688,0,24,37.612682724,0
26100,150464,203202,"HomeImp","Other",10,0,0,248.48194525,1,33,43.112190673,0
20900,122807,150896,"DebtCon","Other",5,0,0,123.4795377,2,13,30.424481104,1
17100,100082,119585,"DebtCon","ProfExe",1,0,0,147.91580911,0,29,34.734277161,0
13200,70069,88303,"DebtCon","Other",3,0,0,240.8560165,2,25,29.06412827,0
10600,73844,107640,"HomeImp","ProfExe",3,0,0,92.979490511,0,34,37.319289307,0
21700,187311,230513,"DebtCon","ProfExe",2,0,0,270.47903997,0,27,38.999232038,0
14100,54081,68577,"DebtCon","Other",8,0,0,NA,0,17,33.089017513,0
10800,61767,72668,"DebtCon","ProfExe",15,0,0,228.98545319,3,32,37.91433471,0
16000,66395,NA,"DebtCon","Other",1,2,1,99.519217551,1,25,33.20696963,0
30400,40386,68120,"DebtCon","Mgr",12,1,0,98.820153684,5,15,34.020257191,0
12000,97650,115931,"DebtCon","ProfExe",11,0,0,199.82804201,1,17,34.387943973,0
8400,82597,83858,"HomeImp","Other",25,0,0,350.56813617,1,47,28.91075714,0
27800,96332,NA,"DebtCon","ProfExe",1,0,0,190.3137746,2,38,33.855895472,0
22000,61251,91744,"DebtCon","Office",0,0,0,145.48915532,0,21,34.347908749,0
7500,12115,35910,"HomeImp","Office",13,3,6,234.90075082,0,24,24.662276673,1
23100,93805,135780,"HomeImp","ProfExe",5,0,0,155.02538165,0,31,34.644921651,0
25900,145700,211151,"HomeImp","ProfExe",6,0,0,182.17137213,1,27,38.48048457,0
11200,66868,107794,"DebtCon","Office",10,0,0,152.92982848,1,12,39.640828981,0
18600,38674,63641,"HomeImp","Other",23,0,0,245.04937197,0,13,25.180989842,0
19200,68902,98737,"DebtCon","Office",1,0,0,166.81657408,4,19,33.035075976,0
10100,93085,110069,"DebtCon","Other",13,0,0,206.799179,3,16,40.569897059,0
9600,46683,61773,"DebtCon","Office",1,0,0,171.05844903,1,20,38.005289312,0
13800,97778,116814,"DebtCon","Other",15,1,3,120.78139621,1,22,23.20471329,1
22100,132417,170643,"DebtCon","ProfExe",4,0,0,180.03687676,0,37,21.236090456,0
14900,97646,139884,"HomeImp","ProfExe",13,0,0,119.08311639,5,22,36.360597073,0
10600,27666,56218,"HomeImp","Other",3,0,0,249.85118993,0,10,39.528326336,0
21400,90912,121714,"DebtCon","Self",3,0,0,221.51542597,2,26,34.885541428,0
13600,87294,115183,"HomeImp","ProfExe",11,0,2,185.33850577,0,28,35.549808739,0
16700,62933,91790,"DebtCon","Other",2,0,0,185.37246242,0,31,35.25727149,0
54000,176922,256977,"DebtCon","ProfExe",6,0,0,225.56569998,2,33,37.989689206,0
13400,5900,55320,"HomeImp","Other",3,2,2,234.02181639,3,16,19.089300996,1
23400,64332,95770,"HomeImp","Office",13,0,0,128.23922251,0,13,35.157645613,0
4500,71082,NA,"HomeImp","Other",4,0,0,118.76041007,0,14,41.421110521,0
9500,28750,42408,"HomeImp","Office",0,0,0,115.5749709,1,30,39.050394794,0
32000,33148,69965,"DebtCon","ProfExe",13,2,4,112.51086544,3,27,36.021508666,1
17400,166345,202989,"DebtCon","ProfExe",10,0,0,276.06634632,0,37,24.356593557,0
27700,63962,101676,"DebtCon","Other",15,0,1,NA,0,30,37.384588482,0
14900,44588,72331,"DebtCon","ProfExe",6,0,0,156.33174453,2,11,28.164440536,0
20500,67852,97944,"HomeImp","Office",14,0,0,141.00534478,0,14,36.609389404,0
12000,36072,62960,"DebtCon","ProfExe",8,0,0,288.5298732,0,16,22.423002459,0
22800,76502,101288,"DebtCon","Other",20,0,0,188.07772245,0,12,40.351902286,0
26500,84769,127773,"DebtCon","Other",2,0,0,190.86047721,2,25,42.031639133,0
9400,85448,94101,"DebtCon","Other",2,0,0,NA,2,32,39.54184797,0
21200,67272,107667,"HomeImp","Other",5,0,0,224.12044079,0,12,30.510532094,0
10700,54091,67661,"HomeImp","Other",27,0,2,188.53398908,0,24,38.589372345,0
30300,109859,153240,"DebtCon","ProfExe",10,0,0,172.68797976,0,17,34.549496477,0
21800,41582,NA,"DebtCon","Other",25,0,0,308.73705314,2,32,34.369367561,0
13400,51225,69361,"DebtCon","Other",0,0,0,261.18963685,0,21,28.953067713,0
21700,188525,234269,"DebtCon","ProfExe",0,0,0,301.5210741,0,26,37.339520058,0
30800,29226,NA,"DebtCon","Other",1,0,0,66.244719761,0,7,13.783965436,0
12200,206613,232176,"HomeImp","ProfExe",10,0,1,237.31576972,0,22,30.689439205,0
13500,48832,144065,"DebtCon","Other",1,0,0,268.58679992,4,43,42.692396714,0
10900,49406,83074,"HomeImp","Other",1,0,1,191.81512308,0,13,30.124555686,0
15300,33113,57991,"DebtCon","Other",4,0,0,122.5788363,1,16,40.569888421,0
17800,68889,85642,"DebtCon","Other",0,2,2,105.76796088,2,25,34.629922009,0
12900,19688,77998,"DebtCon","ProfExe",20,0,2,407.26116688,0,12,22.839078993,0
15100,49533,63607,"DebtCon","Other",2,0,0,180.52329284,0,14,36.377182949,0
6500,33639,NA,"HomeImp","ProfExe",11,0,0,191.0756559,0,13,24.227319339,0
5300,75958,91703,"DebtCon","Other",0,0,0,124.1821788,1,10,34.599060194,0
11300,77926,89216,"DebtCon","Mgr",6,0,0,146.81015408,2,26,39.466964223,0
6800,76074,NA,"HomeImp","Other",22,0,0,341.46505556,0,46,27.523246143,0
25200,73168,93608,"DebtCon","Office",9,0,0,151.12147952,0,21,35.590326769,0
8700,54283,58563,"DebtCon","Office",3,0,1,91.446465165,3,11,38.590366936,0
19700,93040,113362,"DebtCon","ProfExe",6,0,0,135.81385685,3,21,19.704394465,0
22800,64659,96063,"DebtCon","Mgr",8,0,0,201.06828707,2,18,31.541822123,0
7000,73873,111781,"DebtCon","Office",0,0,0,231.79991346,0,38,19.273579455,0
27200,58383,92484,"DebtCon","Other",22,1,2,170.07232349,1,20,23.809820262,0
18000,74162,89823,"DebtCon","Other",0,2,1,121.76146583,1,26,34.025207507,0
26900,69446,104590,"DebtCon","ProfExe",11,0,0,287.27599243,1,32,41.499060427,0
10200,16322,86505,"DebtCon","Other",8,0,0,259.16381964,0,14,21.253498139,0
18100,81916,104048,"DebtCon","Other",0,0,0,154.4259959,0,18,33.678025773,0
18700,70562,91223,"DebtCon","Other",27,0,2,112.71036806,4,35,64.272476898,1
13000,88614,116994,"HomeImp","ProfExe",13,0,2,188.8241991,0,28,32.619501636,0
13500,92989,111120,"DebtCon","Other",13,0,0,209.46059432,3,15,39.521844526,0
9300,59617,67709,"HomeImp","Other",4,0,1,243.8307278,1,16,35.968280746,0
15800,9407,60165,"DebtCon","Sales",1,0,0,310.65842115,0,5,40.051306199,0
25600,241570,264772,"HomeImp","Self",4,1,0,260.74198887,2,50,37.379974648,0
33600,87451,131949,"DebtCon","Mgr",30,0,0,342.46805973,0,20,40.892388427,0
18300,40018,65355,"DebtCon","Other",16,1,0,287.97462979,0,21,28.362882965,0
28000,58002,86427,"DebtCon","Other",9,0,1,129.57535197,2,29,39.362693216,0
25700,94295,NA,"DebtCon","Mgr",23,0,0,220.72951888,0,13,42.358128042,0
10700,147477,181050,"HomeImp","Office",6,0,0,190.02108492,1,55,34.698162391,0
9300,63566,70551,"DebtCon","ProfExe",14,0,0,138.33735213,0,19,42.48370297,0
52800,53532,NA,"DebtCon","Office",11,0,0,91.133225314,1,25,40.669686821,0
13700,74147,92427,"DebtCon","Other",7,0,3,181.30579978,0,33,39.272466343,1
17700,50886,106673,"HomeImp","Other",2,0,2,57.090659606,1,10,40.85911311,0
16300,49868,76131,"DebtCon","Other",9,0,0,81.274155797,2,9,40.372556541,1
8600,42226,50386,"HomeImp","Mgr",21,1,0,223.32646239,0,17,34.927866116,0
7200,57912,84806,"HomeImp","Other",15,0,0,241.51424984,0,35,35.062675655,0
13200,69697,91722,"HomeImp","Office",24,1,0,183.52372929,1,14,39.752171789,0
15400,180017,206148,"DebtCon","Mgr",2,0,2,196.03365793,1,49,36.417342576,1
21200,44097,NA,"DebtCon","Office",12,0,2,123.89394862,1,21,40.139231794,0
36100,233417,324987,"HomeImp","ProfExe",4,0,0,152.24542792,0,25,21.862938911,1
11600,89205,NA,"DebtCon","Office",10,0,0,128.12359751,0,21,37.523324709,0
16500,64081,100796,"HomeImp","ProfExe",22,0,1,243.94168588,1,24,38.327816354,0
16100,105719,116491,"DebtCon","Other",1,0,0,117.87361206,2,20,38.763699701,0
6000,79046,NA,"HomeImp","Other",0,0,0,181.69653802,0,32,37.289989924,0
15900,42623,66458,"DebtCon","ProfExe",4,0,0,146.82789245,1,12,30.289129835,0
6700,51855,NA,"HomeImp","Office",21,0,0,193.75474567,0,19,19.549571698,0
22800,49361,81914,"DebtCon","Mgr",4,0,0,NA,2,25,32.010244608,0
49300,40724,102546,"HomeImp","Self",6,0,0,211.44931383,1,36,39.037679093,0
10100,49683,55728,"DebtCon","Other",0,0,0,91.095794879,0,20,37.133107539,0
13900,85358,NA,"DebtCon","Other",0,0,0,145.79410614,0,22,40.114411439,0
12900,18106,NA,"DebtCon","Mgr",8,0,0,134.38410886,0,10,20.515961862,0
18500,81938,106187,"DebtCon","ProfExe",2,0,0,282.90060926,1,21,40.038841103,0
28200,66242,109762,"DebtCon","Other",8,0,1,130.96956536,0,21,60.295413494,1
20200,51449,69060,"DebtCon","Office",2,0,0,216.21808098,0,12,33.333582017,0
19000,105729,172555,"DebtCon","Office",6,0,0,216.43903593,4,23,41.046748124,0
22600,72522,91587,"DebtCon","Other",2,0,0,99.000467962,2,30,35.262113587,0
5000,46696,85202,"HomeImp","Other",2,1,2,148.34064549,0,14,46.489874001,1
14900,55480,76464,"HomeImp","Other",15,0,1,122.08949983,5,20,43.06260476,1
7400,73985,114849,"DebtCon","Office",0,0,0,238.58630343,1,38,18.421369855,0
8200,67489,80145,"HomeImp","Other",2,0,0,104.39650664,0,7,36.912310875,0
5000,90059,113714,"HomeImp","ProfExe",7,0,0,193.63644686,0,28,25.897316482,0
27400,99900,143437,"DebtCon","Mgr",21,0,0,211.10827714,0,12,39.110297625,0
8400,43589,49950,"DebtCon","Office",9,0,0,202.70454037,0,23,33.592318942,0
10500,69656,88198,"DebtCon","Office",15,0,0,97.319406172,0,8,27.322396546,0
21100,91479,127110,"DebtCon","Office",25,0,0,279.46823675,3,16,33.078522222,0
20200,41479,70102,"DebtCon","Office",5,0,0,172.91171488,2,26,33.834671174,0
21700,47024,71628,"DebtCon","ProfExe",10,0,0,177.60206564,1,41,37.125361745,0
23200,129355,171709,"DebtCon","ProfExe",0,0,0,328.51412138,0,30,40.048440044,1
24500,33537,57048,"DebtCon","Other",14,0,0,99.376132515,1,24,28.495004812,0
12100,58556,76724,"HomeImp","Other",3,0,1,234.65854468,1,16,37.639252934,0
11100,82849,113913,"HomeImp","ProfExe",10,0,1,167.36102992,0,27,35.763333479,0
16600,74681,95471,"DebtCon","Other",6,0,0,187.65351043,4,19,40.453753155,0
12500,37562,NA,"HomeImp","Other",22,0,1,129.48684395,0,23,39.083002442,0
24500,21470,52228,"DebtCon","Other",25,0,0,124.55994931,0,11,23.888121681,0
20500,86236,138729,"DebtCon","Other",11,0,0,97.862172571,3,14,38.699441104,0
16700,29404,45209,"DebtCon","ProfExe",20,0,1,195.55232961,2,16,31.058084364,0
23800,46884,68142,"DebtCon","Other",8,0,0,59.405775058,1,18,35.696636225,0
19800,51454,68073,"HomeImp","Office",1,0,0,130.97479082,0,17,32.304944123,0
16800,16204,27781,"HomeImp","Other",1,10,0,190.57709682,0,9,27.146885648,1
20600,52946,83558,"DebtCon","Other",0,0,0,65.882879392,0,10,65.143593455,1
18700,66003,82410,"DebtCon","Mgr",0,1,0,85.77380757,1,23,51.517385302,1
11000,14046,34777,"DebtCon","Other",5,0,0,256.63415201,0,11,22.447943315,0
23100,235937,266793,"HomeImp","Self",5,1,0,242.61486138,2,51,36.88704865,0
21300,72450,88622,"DebtCon","Other",3,0,0,117.21012608,1,29,32.66110554,0
16300,79087,102921,"DebtCon","Sales",23,0,0,256.25308431,0,45,36.987085694,1
10600,72022,82238,"DebtCon","Office",5,1,2,181.76894044,3,30,39.594148271,0
14000,59736,97411,"DebtCon","ProfExe",7,0,0,200.15536564,1,19,20.116982025,0
15100,81461,93548,"DebtCon","Other",2,0,0,160.1036,0,22,41.007363531,0
21700,59947,94103,"DebtCon","Office",0,0,0,154.55254739,1,21,34.771708596,0
17400,102228,115898,"DebtCon","ProfExe",0,0,0,144.19816755,0,30,35.114150348,0
11500,104610,118861,"DebtCon","Other",18,0,1,203.70020243,1,16,37.596951452,0
5500,71644,NA,"HomeImp","Sales",4,2,0,150.86584513,0,22,40.442567785,0
10800,49953,75322,"DebtCon","Other",0,0,0,58.892731331,8,21,23.875946186,0
21600,36777,68300,"DebtCon","Office",11,0,2,121.49424873,0,22,41.138299388,0
9900,83821,124527,"HomeImp","Office",30,0,0,319.65197133,1,37,35.769425427,0
12500,77937,89710,"DebtCon","Mgr",19,0,0,223.5874152,10,24,35.951998648,0
17500,85183,108948,"HomeImp","ProfExe",4,0,0,125.10948564,1,25,37.103025992,0
27200,24070,58216,"DebtCon","Other",35,0,0,273.34175724,0,24,37.639947331,0
38100,204071,270794,"DebtCon","ProfExe",3,0,0,230.39857646,0,32,31.369739388,0
35000,239058,40848,"DebtCon","Mgr",4,0,1,212.01540583,3,49,40.131815447,0
12700,58293,NA,"DebtCon","Office",13,0,0,105.05041496,0,23,36.700445544,0
14200,83231,99400,"HomeImp","ProfExe",6,0,0,130.16751478,1,26,27.172964706,0
17800,44326,79651,"DebtCon","ProfExe",4,0,0,246.7969491,3,32,32.509012068,0
29200,116202,160084,"DebtCon","ProfExe",6,0,0,124.12146165,3,26,32.644529835,0
22400,65502,104373,"HomeImp","Office",14,0,0,141.81282338,0,13,36.221943144,0
16000,77067,94613,"DebtCon","Other",5,0,0,207.4133904,3,18,41.058989067,0
7800,55394,63567,"DebtCon","Other",23,0,0,262.01435765,2,29,38.983938486,0
14800,60573,93187,"DebtCon","Other",0,0,0,30.009474259,2,3,39.080207117,0
